codigo_Cliente,nombre,apellido,codigo_ciudad,ciudad,codigo_pais,pais,direccion
218,VERA,MCCOY,251,Kabul,1,Afghanistan,1168 Najafabad Parkway
441,MARIO,CHEATHAM,59,Batna,2,Algeria,1924 Shimonoseki Drive
69,JUDY,GRAY,63,Bchar,2,Algeria,1031 Daugavpils Parkway
176,JUNE,CARROLL,483,Skikda,2,Algeria,757 Rustenburg Avenue
320,ANTHONY,SCHWAB,516,Tafuna,3,American Samoa,1892 Nabereznyje Telny Lane
528,CLAUDE,HERZOG,67,Benguela,4,Angola,486 Ondo Parkway
383,MARTIN,BALES,360,Namibe,4,Angola,368 Hunuco Boulevard
381,BOBBY,BOUDREAU,493,South Hill,5,Anguilla,1368 Maracabo Boulevard
359,WILLIE,MARKHAM,20,Almirante Brown,6,Argentina,1623 Kingstown Drive
560,JORDAN,ARCHULETA,43,Avellaneda,6,Argentina,1229 Varanasi (Benares) Manor
322,JASON,MORRISSEY,45,Baha Blanca,6,Argentina,1427 A Corua (La Corua) Place
24,KIMBERLY,LEE,128,Crdoba,6,Argentina,96 Tafuna Way
445,MICHEAL,FORMAN,161,Escobar,6,Argentina,203 Tambaram Street
530,DARRYL,ASHCRAFT,165,Ezeiza,6,Argentina,166 Jinchang Street
89,JULIA,FLORES,289,La Plata,6,Argentina,1926 El Alto Avenue
107,FLORENCE,WOODS,334,Merlo,6,Argentina,1532 Dzerzinsk Way
585,PERRY,SWAFFORD,424,Quilmes,6,Argentina,773 Dallas Manor
243,LYDIA,BURKE,454,San Miguel de Tucumn,6,Argentina,1483 Pathankot Street
331,ERIC,ROBERT,457,Santa F,6,Argentina,430 Kumbakonam Drive
405,LEONARD,SCHOFIELD,524,Tandil,6,Argentina,88 Nagaon Manor
219,WILLIE,HOWELL,567,Vicente Lpez,6,Argentina,1244 Allappuzha (Alleppey) Place
41,STEPHANIE,MITCHELL,586,Yerevan,7,Armenia,42 Brindisi Place
173,AUDREY,RAY,186,Graz,9,Austria,1010 Klerksdorp Way
159,JILL,HAWKINS,307,Linz,9,Austria,1440 Compton Place
266,NORA,HERRERA,447,Salzburg,9,Austria,1587 Loja Manor
333,ANDREW,PURDY,48,Baku,10,Azerbaijan,431 Szkesfehrvr Avenue
334,RAYMOND,MCWHORTER,505,Sumqayit,10,Azerbaijan,503 Sogamoso Loop
590,SETH,HANNON,14,al-Manama,11,Bahrain,1759 Niznekamsk Avenue
332,STEPHEN,QUALLS,143,Dhaka,12,Bangladesh,1838 Tabriz Lane
329,FRANK,WAGGONER,234,Jamalpur,12,Bangladesh,1816 Bydgoszcz Loop
21,MICHELLE,CLARK,525,Tangail,12,Bangladesh,262 A Corua (La Corua) Parkway
527,CORY,MEEHAN,339,Mogiljov,13,Belarus,556 Asuncin Way
144,CLARA,SHAW,340,Molodetno,13,Belarus,1027 Songkhla Manor
455,JON,WILES,153,El Alto,14,Bolivia,659 Gatineau Boulevard
431,JOEL,FRANCISCO,501,Sucre,14,Bolivia,287 Cuautla Boulevard
551,CLAYTON,BARBEE,21,Alvorada,15,Brazil,1407 Pachuca de Soto Place
307,JOSEPH,JOY,25,Angra dos Reis,15,Brazil,1354 Siegen Street
229,TAMARA,NGUYEN,26,Anpolis,15,Brazil,356 Olomouc Manor
216,NATALIE,MEYER,28,Aparecida de Goinia,15,Brazil,1201 Qomsheh Manor
77,JANE,BENNETT,30,Araatuba,15,Brazil,1692 Ede Loop
398,ANTONIO,MEEK,44,Bag,15,Brazil,1190 0 Place
362,NICHOLAS,BARFIELD,66,Belm,15,Brazil,1163 London Parkway
206,TERRI,VASQUEZ,83,Blumenau,15,Brazil,1304 s-Hertogenbosch Way
342,HAROLD,MARTINO,84,Boa Vista,15,Brazil,1293 Nam Dinh Way
325,TIMOTHY,BUNN,89,Braslia,15,Brazil,981 Kumbakonam Place
92,TINA,SIMMONS,183,Goinia,15,Brazil,984 Effon-Alaiye Avenue
427,JESUS,MCCARTNEY,189,Guaruj,15,Brazil,259 Ipoh Drive
130,CHARLOTTE,HUNTER,190,guas Lindas de Gois,15,Brazil,758 Junan Lane
310,DANIEL,CABRAL,215,Ibirit,15,Brazil,543 Bergamo Avenue
47,FRANCES,PARKER,247,Juazeiro do Norte,15,Brazil,686 Garland Manor
591,KENT,ARSENAULT,248,Juiz de Fora,15,Brazil,32 Liaocheng Way
183,IDA,ANDREWS,317,Luzinia,15,Brazil,1839 Szkesfehrvr Parkway
246,MARIAN,MENDOZA,328,Maring,15,Brazil,829 Grand Prairie Way
126,ELLEN,SIMPSON,410,Po,15,Brazil,1666 Qomsheh Drive
254,MAXINE,SILVA,413,Poos de Caldas,15,Brazil,1338 Zalantun Lane
74,DENISE,KELLY,431,Rio Claro,15,Brazil,1206 Dos Quebradas Place
178,MARION,SNYDER,456,Santa Brbara dOeste,15,Brazil,1891 Rizhao Boulevard
354,JUSTIN,NGO,461,Santo Andr,15,Brazil,519 Nyeri Manor
544,CODY,NOLEN,485,So Bernardo do Campo,15,Brazil,1715 Okayama Street
443,FRANCISCO,SKIDMORE,486,So Leopoldo,15,Brazil,614 Denizli Parkway
314,GEORGE,LINTON,490,Sorocaba,15,Brazil,1957 Yantai Lane
39,DEBRA,NELSON,569,Vila Velha,15,Brazil,306 Antofagasta Place
374,JEREMY,HURTADO,572,Vitria de Santo Anto,15,Brazil,1133 Rizhao Avenue
91,LOIS,BUTLER,53,Bandar Seri Begawan,16,Brunei,1370 Le Mans Avenue
540,TYRONE,ASHER,436,Ruse,17,Bulgaria,191 Jos Azueta Parkway
215,JESSIE,BANKS,498,Stara Zagora,17,Bulgaria,1229 Valencia Parkway
516,ELMER,NOE,60,Battambang,18,Cambodia,1768 Udine Loop
228,ALLISON,STANLEY,406,Phnom Penh,18,Cambodia,754 Valencia Place
352,ALBERT,CROUSE,52,Bamenda,19,Cameroon,1641 Changhwa Place
361,LAWRENCE,LAWTON,585,Yaound,19,Cameroon,114 Jalib al-Shuyukh Manor
476,DERRICK,BOURQUE,179,Gatineau,20,Canada,1153 Allende Way
463,DARRELL,POWER,196,Halifax,20,Canada,1844 Usak Avenue
189,LORETTA,CARPENTER,383,Oshawa,20,Canada,891 Novi Sad Manor
410,CURTIS,IRBY,430,Richmond Hill,20,Canada,432 Garden Grove Street
436,TROY,QUIGLEY,565,Vancouver,20,Canada,983 Santa F Way
535,JAVIER,ELROD,363,NDjamna,21,Chad,195 Ilorin Street
45,JANET,PHILLIPS,27,Antofagasta,22,Chile,1718 Valencia Street
515,ANDRE,RAPP,127,Coquimbo,22,Chile,568 Dhule (Dhulia) Loop
464,JEROME,KENYON,428,Rancagua,22,Chile,1872 Toulon Loop
538,TED,BREAUX,46,Baicheng,23,China,183 Haiphong Street
495,CHARLIE,BESS,47,Baiyin,23,China,362 Rajkot Lane
533,JESSIE,MILAM,80,Binzhou,23,China,1332 Gaziantep Lane
197,SUE,PETERS,109,Changzhou,23,China,817 Bradford Loop
260,CHRISTY,VARGAS,136,Datong,23,China,1158 Mandi Bahauddin Parkway
64,JUDITH,COX,139,Daxian,23,China,1966 Amroha Avenue
466,LEO,EBERT,145,Dongying,23,China,1322 Mosul Parkway
389,ALAN,KAHN,157,Emeishan,23,China,753 Ilorin Avenue
110,TIFFANY,JORDAN,159,Enshi,23,China,804 Elista Drive
313,DONALD,MAHON,166,Ezhou,23,China,1774 Yaound Place
211,STACEY,MONTGOMERY,174,Fuyu,23,China,1333 Haldia Street
281,LEONA,OBRIEN,175,Fuzhou,23,China,1308 Sumy Loop
552,HUGH,WALDROP,193,Haining,23,China,904 Clarksville Drive
165,LORRAINE,STEPHENS,199,Hami,23,China,154 Tallahassee Loop
138,HAZEL,WARREN,207,Hohhot,23,China,1587 Sullana Lane
384,ERNEST,STEPP,210,Huaian,23,China,500 Lincoln Parkway
168,REGINA,BERRY,240,Jinchang,23,China,475 Atinsk Way
594,EDUARDO,HIATT,241,Jining,23,China,1837 Kaduna Parkway
595,TERRENCE,GUNDERSON,242,Jinzhou,23,China,844 Bucuresti Place
435,RICKY,SHELBY,249,Junan,23,China,722 Bradford Lane
283,FELICIA,SUTTON,277,Korla,23,China,226 Halifax Street
151,MEGAN,PALMER,291,Laiwu,23,China,1560 Jelets Boulevard
422,MELVIN,ELLINGTON,293,Laohekou,23,China,1557 Cape Coral Parkway
267,MARGIE,WADE,298,Lengshuijiang,23,China,1762 Paarl Parkway
569,DAVE,GARDINER,299,Leshan,23,China,1052 Pathankot Avenue
129,CARRIE,PORTER,302,Liaocheng,23,China,1854 Tieli Street
90,RUBY,WASHINGTON,332,Meixian,23,China,1952 Chatsworth Drive
37,PAMELA,BAKER,362,Nanyang,23,China,1440 Fukuyama Loop
169,ERICA,MATTHEWS,407,Pingxiang,23,China,1294 Firozabad Drive
242,GLENDA,FRAZIER,422,Qinhuangdao,23,China,1246 Boksburg Parkway
496,TYLER,WREN,432,Rizhao,23,China,1060 Tandil Lane
546,KELLY,KNOTT,462,Sanya,23,China,390 Wroclaw Way
424,KYLE,SPURLOCK,468,Shanwei,23,China,1269 Botosani Manor
485,CLYDE,TOBIAS,469,Shaoguan,23,China,1909 Dayton Avenue
378,EUGENE,CULPEPPER,471,Shenzhen,23,China,686 Donostia-San Sebastin Lane
511,CHESTER,BENNER,502,Suihua,23,China,1574 Goinia Boulevard
249,DORA,MEDINA,535,Tianjin,23,China,1760 Oshawa Manor
302,MICHAEL,SILVERMAN,536,Tiefa,23,China,1908 Gaziantep Place
599,AUSTIN,CINTRON,537,Tieli,23,China,1325 Fukuyama Street
442,LEROY,BUSTAMANTE,540,Tongliao,23,China,105 Dzerzinsk Manor
588,MARION,OCAMPO,574,Weifang,23,China,1464 Kursk Parkway
241,HEIDI,LARSON,578,Xiangfan,23,China,1103 Bilbays Parkway
67,KELLY,TORRES,579,Xiangtan,23,China,1586 Guaruj Place
564,BOB,PFEIFFER,580,Xintai,23,China,415 Pune Avenue
339,WALTER,PERRYMAN,581,Xinxiang,23,China,1909 Benguela Lane
272,KAY,CALDWELL,584,Yantai,23,China,85 San Felipe de Puerto Plata Drive
484,ROBERTO,VU,587,Yinchuan,23,China,1297 Alvorada Parkway
521,ROLAND,SOUTH,588,Yingkou,23,China,1993 0 Loop
154,MICHELE,GRANT,590,Yuncheng,23,China,798 Cianjur Avenue
324,GARY,COY,591,Yuzhou,23,China,867 Benin City Avenue
93,PHYLLIS,FOSTER,592,Zalantun,23,China,832 Nakhon Sawan Manor
514,FRANKLIN,TROUTMAN,594,Zaoyang,23,China,1778 Gijn Manor
550,GUY,BROWNLEE,599,Zhoushan,23,China,346 Cam Ranh Avenue
235,JACKIE,LYNCH,96,Buenaventura,24,Colombia,98 Stara Zagora Boulevard
120,SYLVIA,ORTIZ,147,Dos Quebradas,24,Colombia,241 Mosul Lane
460,LEON,BOSTIC,170,Florencia,24,Colombia,734 Tanshui Avenue
180,STACY,CUNNINGHAM,405,Pereira,24,Colombia,1410 Benin City Parkway
87,WANDA,PATTERSON,480,Sincelejo,24,Colombia,1740 Portoviejo Avenue
490,SAM,MCDUFFIE,487,Sogamoso,24,Colombia,656 Matamoros Drive
387,JESSE,SCHILLING,315,Lubumbashi,25,"Congo, The Democratic Republic of the",514 Ife Way
375,AARON,SELBY,348,Mwene-Ditu,25,"Congo, The Democratic Republic of the",1519 Santiago de los Caballeros Loop
265,JENNIE,TERRY,378,Olomouc,26,Czech Republic,682 Halisahar Place
437,RANDALL,NEUMANN,290,La Romana,27,Dominican Republic,1245 Ibirit Way
418,JEFF,EAST,450,San Felipe de Puerto Plata,27,Dominican Republic,437 Chungho Drive
258,MYRTLE,FLEMING,460,Santiago de los Caballeros,27,Dominican Republic,532 Toulon Street
589,TRACY,HERRMANN,311,Loja,28,Ecuador,1074 Sanaa Parkway
262,PATSY,DAVIDSON,414,Portoviejo,28,Ecuador,816 Cayenne Parkway
494,RAMON,CHOATE,434,Robamba,28,Ecuador,1954 Kowloon and New Kowloon Way
559,EVERETT,BANDA,79,Bilbays,29,Egypt,1741 Hoshiarpur Boulevard
233,LILLIE,KIM,216,Idfu,29,Egypt,1736 Cavite Place
491,RICK,MATTOX,337,Mit Ghamr,29,Egypt,775 ostka Drive
134,EMMA,BOYD,421,Qalyub,29,Egypt,765 Southampton Drive
423,ALFRED,CASILLAS,465,Sawhaj,29,Egypt,1727 Matamoros Place
119,SHERRY,MARSHALL,476,Shubra al-Khayma,29,Egypt,1987 Coacalco de Berriozbal Loop
444,MARCUS,HIDALGO,530,Tartu,30,Estonia,1289 Belm Boulevard
392,SEAN,DOUGLASS,6,Addis Abeba,31,Ethiopia,614 Pak Kret Street
317,EDWARD,BAUGH,545,Trshavn,32,Faroe Islands,1359 Zhoushan Parkway
298,ERIKA,PENA,387,Oulu,33,Finland,898 Jining Lane
402,LUIS,YANEZ,92,Brest,34,France,1346 Mysore Drive
162,LAUREN,HUDSON,297,Le Mans,34,France,1740 Le Mans Loop
104,RITA,GRAHAM,543,Toulon,34,France,1386 Yangor Avenue
35,VIRGINIA,GREEN,544,Toulouse,34,France,391 Callao Drive
65,ROSE,HOWARD,105,Cayenne,35,French Guiana,698 Otsu Street
43,CHRISTINE,ROBERTS,167,Faaa,36,French Polynesia,1447 Imus Way
56,GLORIA,COOK,397,Papeete,36,French Polynesia,1668 Saint Louis Place
584,SALVADOR,TEEL,54,Banjul,37,Gambia,247 Jining Parkway
114,GRACE,ELLIS,148,Duisburg,38,Germany,442 Rae Bareli Place
448,MIGUEL,BETANCOURT,160,Erlangen,38,Germany,319 Springs Loop
251,VICKIE,BREWER,198,Halle/Saale,38,Germany,1966 Tonghae Street
196,ALMA,AUSTIN,325,Mannheim,38,Germany,1074 Binzhou Manor
227,COLLEEN,BURTON,439,Saarbrcken,38,Germany,430 Alessandria Loop
195,VANESSA,SIMS,477,Siegen,38,Germany,1792 Valle de la Pascua Place
201,VICKI,FIELDS,575,Witten,38,Germany,68 Molodetno Manor
3,LINDA,WILLIAMS,38,Athenai,39,Greece,692 Joliet Street
596,ENRIQUE,FORSYTHE,401,Patras,39,Greece,1101 Bucuresti Boulevard
207,GERTRUDE,CASTILLO,371,Nuuk,40,Greenland,850 Salala Loop
26,JESSICA,HALL,121,Citt del Vaticano,41,Holy See (Vatican City State),18 Duisburg Boulevard
289,VIOLET,RODRIQUEZ,279,Kowloon and New Kowloon,42,Hong Kong,1912 Allende Manor
592,TERRANCE,ROUSH,512,Szkesfehrvr,43,Hungary,42 Fontana Avenue
367,ADAM,GOOCH,8,Adoni,44,India,230 Urawa Drive
297,SHERRI,RHODES,9,Ahmadnagar,44,India,922 Vila Velha Loop
175,ANNETTE,OLSON,18,Allappuzha (Alleppey),44,India,431 Xiangtan Avenue
225,ARLENE,HARVEY,22,Ambattur,44,India,1014 Loja Manor
534,CHRISTIAN,JUNG,24,Amroha,44,India,949 Allende Lane
208,LUCY,WHEELER,51,Balurghat,44,India,624 Oshawa Boulevard
413,MARVIN,YEE,71,Berhampore (Baharampur),44,India,126 Acua Parkway
379,CARLOS,COUGHLIN,73,Bhavnagar,44,India,97 Mogiljov Lane
209,TONYA,CHAPMAN,74,Bhilwara,44,India,43 Dadu Avenue
529,ERIK,GUILLEN,75,Bhimavaram,44,India,635 Brest Manor
15,HELEN,HARRIS,76,Bhopal,44,India,419 Iligan Lane
202,CARLA,GUTIERREZ,77,Bhusawal,44,India,642 Nador Drive
468,TIM,CARY,78,Bijapur,44,India,1257 Guadalajara Street
167,SALLY,PIERCE,107,Chandrapur,44,India,1540 Wroclaw Drive
509,RAUL,FORTIER,110,Chapra,44,India,1747 Rustenburg Place
440,BERNARD,COLBY,144,Dhule (Dhulia),44,India,495 Bhimavaram Lane
121,JOSEPHINE,GOMEZ,164,Etawah,44,India,211 Chiayi Drive
192,LAURIE,LAWRENCE,169,Firozabad,44,India,9 San Miguel de Tucumn Manor
117,EDITH,MCDONALD,176,Gandhinagar,44,India,1967 Sincelejo Place
370,WAYNE,TRUONG,191,Gulbarga,44,India,1049 Matamoros Parkway
186,HOLLY,FOX,195,Haldia,44,India,435 0 Way
259,LENA,JENSEN,197,Halisahar,44,India,1027 Banjul Place
412,ALLEN,BUTTERFIELD,208,Hoshiarpur,44,India,791 Salinas Street
136,ANITA,MORALES,211,Hubli-Dharwad,44,India,788 Atinsk Street
60,MILDRED,BAILEY,231,Jaipur,44,India,81 Hodeida Way
32,AMY,LOPEZ,239,Jhansi,44,India,176 Mandaluyong Place
224,PEARL,GARZA,243,Jodhpur,44,India,60 Poos de Caldas Street
31,BRENDA,WRIGHT,257,Kamarhati,44,India,33 Gorontalo Way
492,LESTER,KRAUS,261,Kanchrapara,44,India,1013 Tabuk Boulevard
274,NAOMI,JENNINGS,263,Karnal,44,India,1884 Shikarpur Avenue
419,CHAD,CARBONE,264,Katihar,44,India,1948 Bayugan Parkway
271,PENNY,NEAL,283,Kumbakonam,44,India,1675 Xiangfan Manor
316,STEVEN,CURLEY,336,Miraj,44,India,651 Pathankot Loop
28,CYNTHIA,YOUNG,346,Munger (Monghyr),44,India,1425 Shikarpur Manor
59,CHERYL,MURPHY,350,Mysore,44,India,1213 Ranchi Parkway
152,ALICIA,MILLS,354,Nagaon,44,India,1963 Moscow Place
268,NINA,SOTO,395,Palghat (Palakkad),44,India,1519 Ilorin Place
300,JOHN,FARNSWORTH,398,Parbhani,44,India,41 El Alto Parkway
95,PAULA,BRYANT,399,Pathankot,44,India,1697 Tanauan Lane
296,RAMONA,HALE,400,Patiala,44,India,951 Stara Zagora Manor
421,LEE,HAWKS,416,Pudukkottai,44,India,1661 Abha Drive
135,JUANITA,MASON,417,Pune,44,India,943 Johannesburg Avenue
426,BRADLEY,MOTLEY,418,Purnea (Purnia),44,India,1596 Acua Parkway
78,LORI,WOOD,425,Rae Bareli,44,India,936 Salzburg Lane
554,DWAYNE,OLVERA,426,Rajkot,44,India,1447 Imus Place
336,JOSHUA,MARK,427,Rampur,44,India,1920 Weifang Avenue
358,SAMUEL,MARLOW,429,Ranchi,44,India,604 Bern Place
217,AGNES,BISHOP,448,Sambhal,44,India,866 Shivapuri Manor
356,GERALD,FULTZ,464,Satna,44,India,45 Aparecida de Goinia Place
238,NELLIE,GARRETT,473,Shimoga,44,India,1964 Gijn Manor
68,NICOLE,PETERSON,475,Shivapuri,44,India,57 Arlington Manor
502,BRETT,CORNWELL,478,Siliguri (Shiliguri),44,India,1197 Sokoto Boulevard
287,BECKY,MILES,522,Tambaram,44,India,1993 Tabuk Lane
170,BEATRICE,ARNOLD,550,Udaipur,44,India,1877 Ezhou Lane
446,THEODORE,CULP,554,Uluberia,44,India,1704 Tambaram Manor
231,GEORGIA,JACOBS,559,Uttarpara-Kotrung,44,India,954 Kimchon Place
403,MIKE,WAY,564,Valparai,44,India,990 Etawah Loop
123,SHANNON,FREEMAN,566,Varanasi (Benares),44,India,117 Boa Vista Way
508,MILTON,HOWLAND,568,Vijayawada,44,India,758 Korolev Parkway
12,NANCY,THOMAS,582,Yamuna Nagar,44,India,808 Bhopal Manor
411,NORMAN,CURRIER,117,Cianjur,45,Indonesia,1445 Carmen Parkway
239,MINNIE,ROMERO,118,Ciomas,45,Indonesia,47 Syktyvkar Lane
328,JEFFREY,SPEAR,119,Ciparay,45,Indonesia,1860 Taguig Loop
203,TARA,RYAN,184,Gorontalo,45,Indonesia,1688 Nador Lane
153,SUZANNE,NICHOLS,232,Jakarta,45,Indonesia,456 Escobar Way
473,JORGE,OLIVARES,301,Lhokseumawe,45,Indonesia,1078 Stara Zagora Drive
500,REGINALD,KINDER,318,Madiun,45,Indonesia,519 Brescia Parkway
542,LONNIE,TIRADO,396,Pangkal Pinang,45,Indonesia,1658 Cuman Loop
116,VICTORIA,GIBSON,403,Pemalang,45,Indonesia,544 Malm Parkway
506,LESLIE,SEWARD,412,Pontianak,45,Indonesia,1152 al-Qatif Lane
372,STEVE,MACKENZIE,415,Probolinggo,45,Indonesia,154 Oshawa Manor
524,JARED,ELY,419,Purwakarta,45,Indonesia,1003 Qinhuangdao Street
450,JAY,ROBB,509,Surakarta,45,Indonesia,1947 Paarl Way
458,LLOYD,DOWD,532,Tegal,45,Indonesia,935 Aden Boulevard
36,KATHLEEN,ADAMS,31,Arak,46,Iran,334 Munger (Monghyr) Lane
10,DOROTHY,TAYLOR,162,Esfahan,46,Iran,1531 Sal Drive
377,HOWARD,FORTNER,265,Kermanshah,46,Iran,220 Hidalgo Drive
368,HARRY,ARCE,356,Najafabad,46,Iran,1922 Miraj Way
459,TOMMY,COLLAZO,423,Qomsheh,46,Iran,76 Kermanshah Manor
185,ROBERTA,HARPER,467,Shahr-e Kord,46,Iran,927 Barcelona Street
449,OSCAR,AQUINO,481,Sirjan,46,Iran,956 Nam Dinh Manor
279,DIANNE,SHELTON,514,Tabriz,46,Iran,600 Bradford Street
579,DARYL,LARUE,344,Mosul,47,Iraq,1208 Tama Loop
102,CRYSTAL,FORD,34,Ashdod,48,Israel,659 Vaduz Drive
478,LEWIS,LYMAN,36,Ashqelon,48,Israel,632 Usolje-Sibirskoje Parkway
315,KENNETH,GOODEN,57,Bat Yam,48,Israel,1542 Lubumbashi Boulevard
161,GERALDINE,PERKINS,533,Tel Aviv-Jaffa,48,Israel,97 Shimoga Avenue
33,ANNA,HILL,17,Alessandria,49,Italy,127 Purnea (Purnia) Manor
439,ALEXANDER,FENNELL,70,Bergamo,49,Italy,231 Kaliningrad Place
309,CHRISTOPHER,GRECO,91,Brescia,49,Italy,1224 Huejutla de Reyes Boulevard
499,MARC,OUTLAW,93,Brindisi,49,Italy,1 Valle de Santiago Avenue
541,DARREN,WINDHAM,309,Livorno,49,Italy,379 Lublin Parkway
221,BESSIE,MORRISON,511,Syrakusa,49,Italy,1926 Gingoog Street
525,ADRIAN,CLARY,551,Udine,49,Italy,1986 Sivas Place
574,JULIAN,VEST,10,Akishima,50,Japan,923 Tangail Boulevard
141,DEBBIE,REYES,172,Fukuyama,50,Japan,928 Jaffna Loop
264,GWENDOLYN,MAY,203,Higashiosaka,50,Japan,446 Kirovo-Tepetsk Lane
194,KRISTEN,CHAVEZ,204,Hino,50,Japan,345 Oshawa Boulevard
299,JAMES,GANNON,205,Hiroshima,50,Japan,1635 Kuwana Boulevard
519,RON,DELUCA,224,Isesaki,50,Japan,1949 Sanya Street
240,MARLENE,WELCH,226,Iwaki,50,Japan,1148 Saarbrcken Parkway
54,TERESA,ROGERS,227,Iwakuni,50,Japan,1964 Allappuzha (Alleppey) Street
396,EARL,SHANKS,228,Iwatsuki,50,Japan,168 Cianjur Manor
391,CLARENCE,GAMEZ,229,Izumisano,50,Japan,767 Pyongyang Drive
163,CATHY,SPENCER,253,Kakamigahara,50,Japan,1287 Xiangfan Boulevard
79,RACHEL,BARNES,256,Kamakura,50,Japan,586 Tete Way
547,KURT,EMMONS,260,Kanazawa,50,Japan,1421 Quilmes Lane
401,TONY,CARRANZA,276,Koriyama,50,Japan,454 Patiala Lane
34,REBECCA,SCOTT,284,Kurashiki,50,Japan,61 Tama Street
531,JAMIE,WAUGH,287,Kuwana,50,Japan,958 Sagamihara Lane
355,TERRY,GRISSOM,331,Matsue,50,Japan,619 Hunuco Avenue
253,TERRY,CARLSON,338,Miyakonojo,50,Japan,752 Ondo Loop
53,HEATHER,MORRIS,355,Nagareyama,50,Japan,17 Kabul Boulevard
489,RICARDO,MEADOR,376,Okayama,50,Japan,591 Sungai Petani Drive
365,BRUCE,SCHWARZ,377,Okinawa,50,Japan,1565 Tangail Manor
404,STANLEY,SCROGGINS,380,Omiya,50,Japan,1266 Laredo Parkway
337,JERRY,JORDON,382,Onomichi,50,Japan,124 al-Manama Way
285,MIRIAM,MCKINNEY,386,Otsu,50,Japan,1336 Benin City Drive
11,LISA,ANDERSON,440,Sagamihara,50,Japan,1542 Tarlac Parkway
1,MARY,SMITH,463,Sasebo,50,Japan,1913 Hanoi Way
29,ANGELA,HERNANDEZ,474,Shimonoseki,50,Japan,786 Aurora Avenue
385,PHILLIP,HOLM,521,Tama,50,Japan,102 Chapra Drive
429,FREDERICK,ISBELL,547,Tsuyama,50,Japan,1404 Taguig Drive
503,ANGEL,BARCLAY,552,Ueda,50,Japan,496 Celaya Drive
147,JOANNE,ROBERTSON,555,Urawa,50,Japan,1337 Lincoln Parkway
76,IRENE,PRICE,402,Pavlodar,51,Kazakstan,602 Paarl Street
573,BYRON,BOX,598,Zhezqazghan,51,Kazakstan,521 San Juan Bautista Tuxtepec Place
193,KATIE,ELLIOTT,271,Kisumu,52,Kenya,447 Surakarta Loop
363,ROY,WHITING,372,Nyeri,52,Kenya,1658 Jastrzebie-Zdrj Loop
234,CLAUDIA,FULLER,233,Jalib al-Shuyukh,53,Kuwait,346 Skikda Parkway
347,RYAN,SALISBURY,137,Daugavpils,54,Latvia,1673 Tangail Drive
23,SARAH,LEWIS,303,Liepaja,54,Latvia,1780 Hino Boulevard
57,EVELYN,MORGAN,560,Vaduz,55,Liechtenstein,943 Tokat Street
557,FELIX,GAFFNEY,570,Vilnius,56,Lithuania,1059 Yuncheng Avenue
81,ANDREA,HENDERSON,319,Mahajanga,57,Madagascar,320 Baiyin Parkway
166,LYNN,PAYNE,304,Lilongwe,58,Malawi,710 San Felipe del Progreso Avenue
171,DOLORES,WAGNER,223,Ipoh,59,Malaysia,316 Uruapan Street
58,JEAN,BELL,282,Kuching,59,Malaysia,1114 Liepaja Street
306,CHARLES,KOWALSKI,507,Sungai Petani,59,Malaysia,715 So Bernardo do Campo Lane
486,GLEN,TALBERT,4,Acua,60,Mexico,1789 Saint-Denis Parkway
414,VINCENT,RALSTON,19,Allende,60,Mexico,397 Sunnyvale Avenue
84,SARA,PERRY,40,Atlixco,60,Mexico,125 Citt del Vaticano Boulevard
578,WILLARD,LUMPKIN,103,Carmen,60,Mexico,1819 Alessandria Loop
587,SERGIO,STANFIELD,106,Celaya,60,Mexico,1402 Zanzibar Boulevard
247,STELLA,MORENO,124,Coacalco de Berriozbal,60,Mexico,1473 Changhwa Parkway
482,MAURICE,CRAWLEY,125,Coatzacoalcos,60,Mexico,1785 So Bernardo do Campo Street
467,ALVIN,DELOACH,129,Cuauhtmoc,60,Mexico,1447 Chatsworth Place
323,MATTHEW,MAHAN,130,Cuautla,60,Mexico,479 San Felipe del Progreso Avenue
575,ISAAC,OGLESBY,131,Cuernavaca,60,Mexico,186 Skikda Lane
451,JIM,REA,154,El Fuerte,60,Mexico,814 Simferopol Loop
364,BENJAMIN,VARNEY,188,Guadalajara,60,Mexico,817 Laredo Avenue
150,DANIELLE,DANIELS,202,Hidalgo,60,Mexico,781 Shimonoseki Drive
582,ANDY,VANHORN,212,Huejutla de Reyes,60,Mexico,966 Asuncin Way
108,TRACY,COLE,213,Huixquilucan,60,Mexico,1002 Ahmadnagar Manor
581,VIRGIL,WOFFORD,246,Jos Azueta,60,Mexico,760 Miyakonojo Drive
369,FRED,WHEAT,250,Jurez,60,Mexico,433 Florencia Street
488,SHANE,MILLARD,288,La Paz,60,Mexico,184 Mandaluyong Street
177,SAMANTHA,DUNCAN,330,Matamoros,60,Mexico,146 Johannesburg Way
343,DOUGLAS,GRAF,335,Mexicali,60,Mexico,785 Vaduz Street
570,IVAN,CROMWELL,341,Monclova,60,Mexico,1351 Sousse Lane
115,WENDY,HARRISON,365,Nezahualcyotl,60,Mexico,1107 Nakhon Sawan Avenue
353,JONATHAN,SCARBOROUGH,393,Pachuca de Soto,60,Mexico,1698 Southport Loop
273,PRISCILLA,LOWE,445,Salamanca,60,Mexico,144 South Hill Loop
319,RONALD,WEINER,451,San Felipe del Progreso,60,Mexico,1145 Vilnius Manor
425,FRANCIS,SIKES,452,San Juan Bautista Tuxtepec,60,Mexico,355 Vitria de Santo Anto Way
133,PAULINE,HENRY,541,Torren,60,Mexico,261 Saint Louis Way
454,ALEX,GRESHAM,556,Uruapan,60,Mexico,251 Florencia Drive
288,BOBBIE,CRAIG,563,Valle de Santiago,60,Mexico,86 Higashiosaka Lane
465,FLOYD,GANDY,595,Zapopan,60,Mexico,1088 Ibirit Place
38,MARTHA,GONZALEZ,115,Chisinau,61,Moldova,269 Cam Ranh Parkway
543,LANCE,PEMBERTON,68,Beni-Mellal,62,Morocco,454 Qinhuangdao Drive
40,AMANDA,CARTER,353,Nador,62,Morocco,671 Graz Street
22,LAURA,RODRIGUEZ,443,Sal,62,Morocco,28 Charlotte Amalie Street
257,MARSHA,DOUGLAS,64,Beira,63,Mozambique,771 Yaound Manor
433,DON,BONE,351,Naala-Porto,63,Mozambique,596 Huixquilucan Place
97,ANNIE,RUSSELL,534,Tete,63,Mozambique,1599 Plock Drive
256,MABEL,HOLLAND,342,Monywa,64,Myanmar,51 Laredo Avenue
4,BARBARA,JONES,349,Myingyan,64,Myanmar,1566 Inegl Manor
513,DUANE,TUBBS,583,Yangor,65,Nauru,962 Tama Loop
321,KEVIN,SCHULER,81,Birgunj,66,Nepal,470 Boksburg Street
415,GLENN,PULLEN,23,Amersfoort,67,Netherlands,992 Klerksdorp Loop
137,RHONDA,KENNEDY,29,Apeldoorn,67,Netherlands,1749 Daxian Place
341,PETER,MENARD,151,Ede,67,Netherlands,1217 Konotop Avenue
474,DUSTIN,GILLETTE,158,Emmen,67,Netherlands,1854 Okara Boulevard
184,VIVIAN,RUIZ,438,s-Hertogenbosch,67,Netherlands,741 Ambattur Manor
8,SUSAN,WILSON,200,Hamilton,68,New Zealand,478 Joliet Way
284,SONIA,GREGORY,69,Benin City,69,Nigeria,1279 Udine Parkway
409,RODNEY,MOELLER,141,Deba Habe,69,Nigeria,1936 Lapu-Lapu Parkway
286,VELMA,LUCAS,152,Effon-Alaiye,69,Nigeria,1155 Liaocheng Place
80,MARILYN,ROSS,217,Ife,69,Nigeria,1888 Kabul Drive
198,ELSIE,KELLEY,218,Ikerre,69,Nigeria,955 Bamenda Way
103,GLADYS,HAMILTON,220,Ilorin,69,Nigeria,1177 Jelets Way
18,CAROL,GARCIA,252,Kaduna,69,Nigeria,320 Brest Avenue
277,OLGA,JIMENEZ,374,Ogbomosho,69,Nigeria,556 Baybay Manor
156,BERTHA,FERGUSON,381,Ondo,69,Nigeria,1367 Yantai Manor
280,TRACEY,BARRETT,389,Owo,69,Nigeria,1006 Santa Brbara dOeste Manor
250,JO,FOWLER,390,Oyo,69,Nigeria,786 Stara Zagora Way
562,WALLACE,SLONE,488,Sokoto,69,Nigeria,1342 Sharja Way
232,CONSTANCE,REID,596,Zaria,69,Nigeria,885 Yingkou Manor
157,DARLENE,ROSE,420,Pyongyang,70,North Korea,1386 Nakhon Sawan Boulevard
9,MARGARET,MOORE,329,Masqat,71,Oman,613 Korolev Drive
498,GENE,SANBORN,444,Salala,71,Oman,1416 San Juan Bautista Tuxtepec Avenue
416,JEFFERY,PINSON,134,Dadu,72,Pakistan,966 Arecibo Loop
223,MELINDA,FERNANDEZ,324,Mandi Bahauddin,72,Pakistan,1820 Maring Parkway
20,SHARON,ROBINSON,327,Mardan,72,Pakistan,1688 Okara Way
399,DANNY,ISOM,375,Okara,72,Pakistan,734 Bchar Place
25,DEBORAH,WALKER,472,Shikarpur,72,Pakistan,934 San Felipe de Puerto Plata Street
226,MAUREEN,LITTLE,37,Asuncin,73,Paraguay,201 Effon-Alaiye Way
205,EILEEN,CARR,122,Ciudad del Este,73,Paraguay,1679 Antofagasta Street
345,CARL,ARTIS,453,San Lorenzo,73,Paraguay,1628 Nagareyama Lane
304,DAVID,ROYAL,99,Callao,74,Peru,827 Yuncheng Drive
565,JAIME,NETTLES,214,Hunuco,74,Peru,1746 Faaa Way
122,THELMA,MURRAY,305,Lima,74,Peru,1175 Tanauan Way
597,FREDDIE,DUGGAN,503,Sullana,74,Peru,1103 Quilmes Boulevard
71,KATHY,JAMES,61,Baybay,75,Philippines,492 Cam Ranh Street
188,MELANIE,ARMSTRONG,62,Bayugan,75,Philippines,1166 Changhwa Street
94,NORMA,GONZALES,82,Bislig,75,Philippines,152 Kitwe Parkway
371,BILLY,POULIN,98,Cabuyao,75,Philippines,1061 Ede Avenue
388,CRAIG,MORRELL,104,Cavite,75,Philippines,717 Changzhou Lane
27,SHIRLEY,ALLEN,138,Davao,75,Philippines,217 Botshabelo Place
461,DEREK,BLAKELY,182,Gingoog,75,Philippines,118 Jaffna Loop
255,IRMA,PEARSON,192,Hagonoy,75,Philippines,127 Iwakuni Boulevard
580,ROSS,GREY,219,Iligan,75,Philippines,951 Springs Lane
349,JOE,GILLILAND,221,Imus,75,Philippines,953 Hodeida Street
244,VIOLA,HANSON,294,Lapu-Lapu,75,Philippines,582 Papeete Loop
263,HILDA,HOPKINS,323,Mandaluyong,75,Philippines,1831 Nam Dinh Loop
434,EDDIE,TOMLIN,391,Ozamis,75,Philippines,1351 Aparecida de Goinia Parkway
522,ARNOLD,HAVENS,458,Santa Rosa,75,Philippines,1176 Southend-on-Sea Manor
72,THERESA,WATSON,517,Taguig,75,Philippines,89 Allappuzha (Alleppey) Manor
505,RAFAEL,ABNEY,519,Talavera,75,Philippines,48 Maracabo Place
373,LOUIS,LEONE,523,Tanauan,75,Philippines,1191 Tandil Drive
236,MARCIA,DEAN,527,Tanza,75,Philippines,1479 Rustenburg Boulevard
548,ALLAN,CORNISH,528,Tarlac,75,Philippines,947 Trshavn Place
261,DEANNA,BYRD,548,Tuguegarao,75,Philippines,862 Xintai Lane
318,BRIAN,WYMAN,97,Bydgoszcz,76,Poland,1769 Iwaki Lane
572,SIDNEY,BURLESON,133,Czestochowa,76,Poland,1405 Hagonoy Avenue
128,MARJORIE,TUCKER,236,Jastrzebie-Zdrj,76,Poland,1050 Garden Grove Avenue
270,LEAH,CURTIS,255,Kalisz,76,Poland,906 Goinia Way
501,RUBEN,GEARY,314,Lublin,76,Poland,414 Mandaluyong Street
571,JOHNNIE,CHISHOLM,409,Plock,76,Poland,1501 Pangkal Pinang Avenue
380,RUSSELL,BRINSON,549,Tychy,76,Poland,1642 Charlotte Amalie Drive
558,JIMMIE,EGGLESTON,577,Wroclaw,76,Poland,505 Madiun Boulevard
360,RALPH,MADRIGAL,32,Arecibo,77,Puerto Rico,1009 Zanzibar Lane
282,JENNY,CASTRO,411,Ponce,77,Puerto Rico,1405 Chisinau Place
230,JOY,GEORGE,86,Botosani,78,Romania,1256 Bislig Boulevard
563,KEN,PREWITT,95,Bucuresti,78,Romania,1342 Abha Boulevard
148,ELEANOR,HUNT,442,Saint-Denis,79,Runion,1952 Pune Lane
397,JIMMY,SCHRADER,39,Atinsk,80,Russian Federation,616 Hagonoy Avenue
55,DORIS,REED,49,Balaiha,80,Russian Federation,1697 Kowloon and New Kowloon Loop
430,RAY,HOULE,150,Dzerzinsk,80,Russian Federation,740 Udaipur Lane
17,DONNA,THOMPSON,156,Elista,80,Russian Federation,270 Toulon Boulevard
106,CONNIE,WALLACE,225,Ivanovo,80,Russian Federation,1867 San Juan Bautista Tuxtepec Avenue
222,DELORES,HANSEN,235,Jaroslavl,80,Russian Federation,810 Palghat (Palakkad) Boulevard
100,ROBIN,HAYES,238,Jelets,80,Russian Federation,1913 Kamakura Place
301,ROBERT,BAUGHMAN,254,Kaliningrad,80,Russian Federation,1883 Maikop Lane
510,BEN,EASTER,259,Kamyin,80,Russian Federation,886 Tonghae Place
179,DANA,HART,270,Kirovo-Tepetsk,80,Russian Federation,1089 Iwatsuki Avenue
295,DAISY,BATES,274,Kolpino,80,Russian Federation,661 Chisinau Lane
393,PHILIP,CAUSEY,278,Korolev,80,Russian Federation,954 Lapu-Lapu Way
376,RANDY,GAITHER,285,Kurgan,80,Russian Federation,1618 Olomouc Manor
311,PAUL,TROUT,286,Kursk,80,Russian Federation,746 Joliet Lane
44,MARIE,TURNER,308,Lipetsk,80,Russian Federation,1998 Halifax Drive
160,ERIN,DUNN,310,Ljubertsy,80,Russian Federation,1623 Baha Blanca Manor
346,ARTHUR,SIMPKINS,320,Maikop,80,Russian Federation,1157 Nyeri Loop
46,CATHERINE,CAMPBELL,343,Moscow,80,Russian Federation,46 Pjatigorsk Lane
447,CLIFFORD,BOWENS,352,Nabereznyje Telny,80,Russian Federation,207 Cuernavaca Loop
48,ANN,EVANS,367,Niznekamsk,80,Russian Federation,909 Garland Manor
191,JEANETTE,GREENE,369,Novoterkassk,80,Russian Federation,1077 San Felipe de Puerto Plata Place
487,HECTOR,POINDEXTER,408,Pjatigorsk,80,Russian Federation,185 Mannheim Lane
567,ALFREDO,MCADAMS,466,Serpuhov,80,Russian Federation,1407 Surakarta Manor
127,ELAINE,STEVENS,484,Smolensk,80,Russian Federation,801 Hagonoy Drive
428,HERBERT,KRUGER,510,Syktyvkar,80,Russian Federation,1823 Hoshiarpur Lane
350,JUAN,FRALEY,531,Teboksary,80,Russian Federation,469 Nakhon Sawan Street
462,WARREN,SHERROD,558,Usolje-Sibirskoje,80,Russian Federation,1621 Tongliao Avenue
351,JACK,FOUST,597,Zeleznogorsk,80,Russian Federation,1378 Beira Loop
326,JOSE,ANDREW,269,Kingstown,81,Saint Vincent and the Grenadines,1016 Iwakuni Street
101,PEGGY,MYERS,2,Abha,82,Saudi Arabia,733 Mandaluyong Place
70,CHRISTINA,RAMIREZ,13,al-Hawiya,82,Saudi Arabia,1124 Buenaventura Drive
417,TRAVIS,ESTEP,16,al-Qatif,82,Saudi Arabia,289 Santo Andr Manor
49,JOYCE,EDWARDS,237,Jedda,82,Saudi Arabia,725 Isesaki Place
312,MARK,RINEHART,515,Tabuk,82,Saudi Arabia,780 Kimberley Way
456,RONNIE,RICKETTS,600,Ziguinchor,83,Senegal,1889 Valparai Way
357,KEITH,RICO,90,Bratislava,84,Slovakia,482 Kowloon and New Kowloon Manor
125,ETHEL,WEBB,85,Boksburg,85,South Africa,569 Baicheng Lane
132,ESTHER,CRAWFORD,87,Botshabelo,85,South Africa,898 Belm Manor
555,DWIGHT,LOMBARDI,112,Chatsworth,85,South Africa,1497 Fengshan Drive
471,DEAN,SAUER,244,Johannesburg,85,South Africa,270 Tambaram Parkway
19,RUTH,MARTINEZ,267,Kimberley,85,South Africa,1417 Lancaster Avenue
109,EDNA,WEST,273,Klerksdorp,85,South Africa,682 Junan Way
432,EDWIN,BURK,364,Newcastle,85,South Africa,1766 Almirante Brown Street
338,DENNIS,GILMAN,392,Paarl,85,South Africa,1443 Mardan Street
407,DALE,RATCLIFF,437,Rustenburg,85,South Africa,1639 Saarbrcken Drive
145,LUCILLE,HOLMES,491,Soshanguve,85,South Africa,999 Sanaa Loop
83,LOUISE,JENKINS,497,Springs,85,South Africa,929 Tallahassee Loop
88,BONNIE,HUGHES,113,Cheju,86,South Korea,1942 Ciparay Parkway
99,EMILY,DIAZ,268,Kimchon,86,South Korea,588 Vila Velha Manor
237,TANYA,GILBERT,357,Naju,86,South Korea,647 A Corua (La Corua) Street
536,FERNANDO,CHURCHILL,539,Tonghae,86,South Korea,193 Bhusawal Place
245,COURTNEY,DAY,553,Uijongbu,86,South Korea,300 Junan Street
52,JULIE,SANCHEZ,1,A Corua (La Corua),87,Spain,939 Probolinggo Loop
293,MAE,FLETCHER,146,Donostia-San Sebastin,87,Spain,44 Najafabad Way
394,CHRIS,BROTHERS,181,Gijn,87,Spain,331 Bydgoszcz Parkway
469,WESLEY,BULL,388,Ourense (Orense),87,Spain,1469 Plock Lane
549,NELSON,CHRISTENSON,459,Santiago de Compostela,87,Spain,1764 Jalib al-Shuyukh Parkway
408,MANUEL,MURRELL,230,Jaffna,88,Sri Lanka,692 Amroha Drive
395,JOHNNY,TURPIN,15,al-Qadarif,89,Sudan,1152 Citrus Heights Manor
50,DIANE,COLLINS,379,Omdurman,89,Sudan,115 Hidalgo Parkway
66,JANICE,WARD,321,Malm,90,Sweden,1150 Kimchon Manor
61,KATHERINE,RIVERA,56,Basel,91,Switzerland,915 Ponce Place
155,GAIL,KNIGHT,72,Bern,91,Switzerland,185 Novi Sad Place
598,WADE,DELVALLE,296,Lausanne,91,Switzerland,1331 Usak Boulevard
75,TAMMY,SANDERS,108,Changhwa,92,Taiwan,1551 Rampur Lane
73,BEVERLY,BROOKS,114,Chiayi,92,Taiwan,1947 Poos de Caldas Boulevard
517,BRAD,MCCURDY,116,Chungho,92,Taiwan,608 Birgunj Parkway
576,MORRIS,MCCARTER,168,Fengshan,92,Taiwan,1568 Celaya Parkway
348,ROGER,QUINTANILLA,209,Hsichuh,92,Taiwan,381 Kabul Way
30,MELISSA,KING,316,Lungtan,92,Taiwan,1668 Anpolis Street
5,ELIZABETH,BROWN,361,Nantou,92,Taiwan,53 Idfu Parkway
577,CLIFTON,MALCOLM,526,Tanshui,92,Taiwan,1489 Kakamigahara Lane
139,AMBER,DIXON,542,Touliu,92,Taiwan,1029 Dzerzinsk Manor
586,KIRK,STCLAIR,546,Tsaotun,92,Taiwan,1923 Stara Zagora Lane
481,HERMAN,DEVORE,347,Mwanza,93,Tanzania,64 Korla Street
190,YOLANDA,WEAVER,513,Tabora,93,Tanzania,605 Rio Claro Parkway
220,CHARLENE,ALVAREZ,593,Zanzibar,93,Tanzania,1842 Luzinia Boulevard
390,SHAWN,HEATON,358,Nakhon Sawan,94,Thailand,1337 Mit Ghamr Avenue
42,CAROLYN,PEREZ,394,Pak Kret,94,Thailand,1632 Bislig Avenue
86,JACQUELINE,LONG,489,Songkhla,94,Thailand,870 Ashqelon Loop
344,HENRY,BILLINGSLEY,370,Nukualofa,95,Tonga,1516 Escobar Drive
335,GREGORY,MAULDIN,492,Sousse,96,Tunisia,507 Smolensk Loop
327,LARRY,THRASHER,5,Adana,97,Turkey,663 Baha Blanca Parkway
366,BRANDON,HUEY,50,Balikesir,97,Turkey,1912 Emeishan Drive
172,BERNICE,WILLIS,58,Batman,97,Turkey,29 Pyongyang Loop
483,VERNON,CHAPA,142,Denizli,97,Turkey,698 Jelets Boulevard
507,EDGAR,RHOADS,163,Eskisehir,97,Turkey,1269 Ipoh Avenue
480,COREY,HAUSER,180,Gaziantep,97,Turkey,984 Novoterkassk Loop
278,BILLIE,HORTON,222,Inegl,97,Turkey,457 Tongliao Loop
143,LESLIE,GORDON,266,Kilis,97,Turkey,374 Bat Yam Boulevard
124,SHEILA,WELLS,281,Ktahya,97,Turkey,848 Tafuna Manor
13,KAREN,JACKSON,384,Osmaniye,97,Turkey,270 Amroha Parkway
518,GABRIEL,HARDER,482,Sivas,97,Turkey,680 A Corua (La Corua) Manor
493,BRENT,HARKINS,504,Sultanbeyli,97,Turkey,319 Plock Parkway
164,JOANN,GARDNER,529,Tarsus,97,Turkey,842 Salzburg Lane
566,CASEY,MENA,538,Tokat,97,Turkey,539 Hami Way
204,ROSEMARY,SCHMIDT,557,Usak,97,Turkey,1215 Pyongyang Parkway
200,JEANNE,LAWSON,35,Ashgabat,98,Turkmenistan,387 Mwene-Ditu Drive
105,DAWN,SULLIVAN,173,Funafuti,99,Tuvalu,454 Nakhon Sawan Boulevard
386,TODD,TAN,258,Kamjanets-Podilskyi,100,Ukraine,1793 Meixian Place
545,JULIO,NOLAND,275,Konotop,100,Ukraine,182 Nukualofa Drive
131,MONICA,HICKS,345,Mukateve,100,Ukraine,1752 So Leopoldo Parkway
475,PEDRO,CHESTNUT,385,ostka,100,Ukraine,421 Yaound Street
82,KATHRYN,COLEMAN,479,Simferopol,100,Ukraine,927 Baha Blanca Parkway
187,BRITTANY,RILEY,506,Sumy,100,Ukraine,140 Chiayi Parkway
452,TOM,MILNER,3,Abu Dhabi,101,United Arab Emirates,535 Ahmadnagar Manor
98,LILLIAN,GRIFFIN,12,al-Ayn,101,United Arab Emirates,669 Firozabad Loop
292,MISTY,LAMBERT,470,Sharja,101,United Arab Emirates,1192 Tongliao Street
85,ANNE,POWELL,88,Bradford,102,United Kingdom,1557 Ktahya Boulevard
142,APRIL,BURNS,149,Dundee,102,United Kingdom,483 Ljubertsy Parkway
512,CECIL,VINES,312,London,102,United Kingdom,548 Uruapan Street
252,MATTIE,HOFFMAN,312,London,102,United Kingdom,1497 Yuzhou Drive
583,MARSHALL,THORN,494,Southampton,102,United Kingdom,1584 Ljubertsy Lane
16,SANDRA,MARTIN,495,Southend-on-Sea,102,United Kingdom,360 Toulouse Parkway
556,ARMANDO,GRUBER,496,Southport,102,United Kingdom,869 Shikarpur Way
477,DAN,PAINE,500,Stockport,102,United Kingdom,808 Naala-Porto Parkway
497,GILBERT,SLEDGE,589,York,102,United Kingdom,1515 Korla Way
479,ZACHARY,HITE,11,Akron,103,United States,98 Pyongyang Boulevard
305,RICHARD,MCCRARY,33,Arlington,103,United States,913 Coacalco de Berriozbal Loop
96,DIANA,ALEXANDER,41,Augusta-Richmond County,103,United States,1308 Arecibo Way
537,CLINTON,BUFORD,42,Aurora,103,United States,43 Vilnius Manor
330,SCOTT,SHELLEY,42,Aurora,103,United States,587 Benguela Manor
212,WILMA,RICHARDS,65,Bellevue,103,United States,660 Jedda Boulevard
149,VALERIE,BLACK,94,Brockton,103,United States,782 Mosul Street
526,KARL,SEAL,101,Cape Coral,103,United States,1427 Tabuk Place
14,BETTY,WHITE,120,Citrus Heights,103,United States,770 Bydgoszcz Avenue
140,EVA,RAMOS,123,Clarksville,103,United States,1666 Beni-Mellal Place
182,RENEE,LANE,126,Compton,103,United States,533 al-Ayn Boulevard
400,BRYAN,HARDISON,135,Dallas,103,United States,530 Lausanne Lane
294,SHELLY,WATTS,140,Dayton,103,United States,32 Pudukkottai Lane
420,JACOB,LANCE,155,El Monte,103,United States,1866 al-Qatif Avenue
51,ALICE,STEWART,171,Fontana,103,United States,1135 Izumisano Parkway
593,RENE,MCALISTER,177,Garden Grove,103,United States,1895 Zhezqazghan Drive
561,IAN,STILL,178,Garland,103,United States,1894 Boa Vista Way
118,KIM,CRUZ,185,Grand Prairie,103,United States,333 Goinia Way
158,VERONICA,STONE,187,Greensboro,103,United States,369 Papeete Way
504,NATHANIEL,ADAM,245,Joliet,103,United States,786 Matsue Way
308,THOMAS,GRIGSBY,262,Kansas City,103,United States,1191 Sungai Petani Boulevard
112,ROSA,REYNOLDS,292,Lancaster,103,United States,793 Cam Ranh Avenue
6,JENNIFER,DAVIS,295,Laredo,103,United States,1795 Santiago de Compostela Way
63,ASHLEY,RICHARDSON,306,Lincoln,103,United States,1214 Hanoi Way
382,VICTOR,BARKLEY,322,Manchester,103,United States,401 Sucre Boulevard
181,ANA,BRADLEY,333,Memphis,103,United States,682 Garden Grove Place
275,CAROLE,BARNETT,404,Peoria,103,United States,1980 Kamjanets-Podilskyi Street
291,TONI,HOLT,433,Roanoke,103,United States,1936 Cuman Avenue
457,BILL,GAVIN,435,Rockford,103,United States,1485 Bratislava Place
62,JOAN,COOPER,441,Saint Louis,103,United States,1717 Guadalajara Lane
269,CASSANDRA,WALTERS,446,Salinas,103,United States,920 Kumbakonam Loop
2,PATRICIA,JOHNSON,449,San Bernardino,103,United States,1121 Loja Avenue
146,JAMIE,RICE,499,Sterling Heights,103,United States,879 Newcastle Way
214,KRISTIN,JOHNSTON,508,Sunnyvale,103,United States,226 Brest Manor
248,CAROLINE,BOWMAN,520,Tallahassee,103,United States,1309 Weifang Street
276,BRANDY,GRAVES,573,Warren,103,United States,1944 Bamenda Way
568,ALBERTO,HENNING,55,Barcelona,104,Venezuela,502 Mandi Bahauddin Parkway
111,CARMEN,OWENS,102,Caracas,104,Venezuela,1378 Alvorada Avenue
113,CINDY,FISHER,132,Cuman,104,Venezuela,1079 Tel Aviv-Jaffa Boulevard
453,CALVIN,MARTEL,326,Maracabo,104,Venezuela,138 Caracas Boulevard
174,YVONNE,WATKINS,373,Ocumare del Tuy,104,Venezuela,1848 Salala Boulevard
539,MATHEW,BOLIN,561,Valencia,104,Venezuela,163 Augusta-Richmond County Loop
290,KRISTINA,CHAMBERS,562,Valle de la Pascua,104,Venezuela,544 Tarsus Boulevard
532,NEIL,RENNER,100,Cam Ranh,105,Vietnam,1817 Livorno Way
199,BETH,FRANKLIN,194,Haiphong,105,Vietnam,1149 A Corua (La Corua) Boulevard
340,PATRICK,NEWSOM,201,Hanoi,105,Vietnam,68 Ponce Parkway
472,GREG,ROBINS,359,Nam Dinh,105,Vietnam,1786 Salinas Place
520,MITCHELL,WESTMORELAND,366,Nha Trang,105,Vietnam,617 Klerksdorp Place
523,HARVEY,GUAJARDO,571,Vinh,105,Vietnam,600 Purnea (Purnia) Avenue
406,NATHAN,RUNYON,111,Charlotte Amalie,106,"Virgin Islands, U.S.",264 Bhimavaram Manor
210,ELLA,OLIVER,7,Aden,107,Yemen,751 Lima Loop
470,GORDON,ALLARD,206,Hodeida,107,Yemen,434 Ourense (Orense) Manor
303,WILLIAM,SATTERFIELD,455,Sanaa,107,Yemen,687 Alessandria Parkway
213,GINA,WILLIAMSON,518,Taizz,107,Yemen,1001 Miyakonojo Lane
7,MARIA,MILLER,280,Kragujevac,108,Yugoslavia,900 Santiago de Compostela Parkway
553,MAX,PITT,368,Novi Sad,108,Yugoslavia,1917 Kumbakonam Parkway
438,BARRY,LOVELACE,272,Kitwe,109,Zambia,1836 Korla Parkway
