pelicula,codigo_pelicula,total_recaudado,promedio_renta,total_actores,codigo_primer_Actor,primer_Actor,codigo_segundo_Actor,segundo_Actor
ACADEMY DINOSAUR,1,36.77,1.6,10,1,PENELOPE GUINESS,10,CHRISTIAN GABLE
ACE GOLDFINGER,2,52.93,7.56,4,19,BOB FAWCETT,85,MINNIE ZELLWEGER
ADAPTATION HOLES,3,37.88,3.16,5,2,NICK WAHLBERG,19,BOB FAWCETT
AFFAIR PREJUDICE,4,91.77,3.99,5,41,JODIE DEGENERES,81,SCARLETT DAMON
AFRICAN EGG,5,51.88,4.32,5,51,GARY PHOENIX,59,DUSTIN TAUTOU
AGENT TRUMAN,6,126.79,6.04,7,21,KIRSTEN PALTROW,23,SANDRA KILMER
AIRPLANE SIERRA,7,82.85,5.52,5,99,JIM MOSTEL,133,RICHARD PENN
AIRPORT POLLOCK,8,102.82,5.71,4,55,FAY KILMER,96,GENE WILLIS
ALABAMA DEVIL,9,71.88,5.99,9,10,CHRISTIAN GABLE,22,ELVIS MARX
ALADDIN CALENDAR,10,131.77,5.73,8,29,ALEC WAYNE,35,JUDY DEAN
ALAMO VIDEOTAPE,11,35.76,1.49,4,40,JOHNNY CAGE,81,SCARLETT DAMON
ALASKA PHANTOM,12,44.74,1.72,7,37,VAL BOLGER,75,BURT POSEY
ALI FOREVER,13,54.91,6.1,5,77,CARY MCCONAUGHEY,91,CHRISTOPHER BERRY
ALIEN CENTER,15,90.78,4.13,6,36,BURT DUKAKIS,69,KENNETH PALTROW
ALLEY EVOLUTION,16,52.86,3.78,5,12,KARL BERRY,57,JUDE CRUISE
ALONE TRIP,17,62.82,3.49,8,3,ED CHASE,12,KARL BERRY
ALTER VICTORY,18,32.78,1.49,4,45,REESE KILMER,142,JADA RYDER
AMADEUS HOLY,19,33.79,1.61,6,5,JOHNNY LOLLOBRIGIDA,27,JULIA MCQUEEN
AMELIE HELLFIGHTERS,20,67.9,6.79,6,52,CARMEN HUNT,102,WALTER TORN
AMERICAN CIRCUS,21,167.78,7.63,5,25,KEVIN BLOOM,26,RIP CRAWFORD
AMISTAD MIDSUMMER,22,70.79,3.37,4,77,CARY MCCONAUGHEY,95,DARYL WAHLBERG
ANACONDA CONFESSIONS,23,60.79,2.89,5,1,PENELOPE GUINESS,4,JENNIFER DAVIS
ANALYZE HOOSIERS,24,55.86,3.99,5,38,TOM MCKELLEN,42,TOM MIRANDA
ANGELS LIFE,25,119.78,5.44,9,1,PENELOPE GUINESS,4,JENNIFER DAVIS
ANNIE IDENTITY,26,59.78,2.72,3,71,ADAM GRANT,128,CATE MCQUEEN
ANONYMOUS HUMAN,27,17.87,1.37,9,7,GRACE MOSTEL,55,FAY KILMER
ANTHEM LUKE,28,85.85,5.72,2,74,MILLA KEITEL,162,OPRAH KILMER
ANTITRUST TOMATOES,29,37.9,3.79,7,6,BETTE NICHOLSON,13,UMA WOOD
ANYTHING SAVANNAH,30,46.91,5.21,3,9,JOE SWANK,163,CHRISTOPHER WEST
APACHE DIVINE,31,178.69,5.76,4,2,NICK WAHLBERG,15,CUBA OLIVIER
APOCALYPSE FLAMINGOS,32,30.94,5.16,5,79,MAE HOFFMAN,158,VIVIEN BASINGER
ARABIA DOGMA,34,22.87,1.76,12,12,KARL BERRY,26,RIP CRAWFORD
ARACHNOPHOBIA ROLLERCOASTER,35,114.76,4.78,8,7,GRACE MOSTEL,35,JUDY DEAN
ARIZONA BANG,37,104.79,4.99,4,12,KARL BERRY,64,RAY JOHANSSON
ARMAGEDDON LOST,39,45.79,2.18,7,65,ANGELA HUDSON,84,JAMES PITT
ARMY FLINTSTONES,40,41.84,2.62,7,3,ED CHASE,77,CARY MCCONAUGHEY
ARTIST COLDBLOODED,42,69.84,4.37,7,3,ED CHASE,23,SANDRA KILMER
ATLANTIS CAUSE,43,87.76,3.66,9,28,WOODY HOFFMAN,34,AUDREY OLIVIER
ATTACKS HATE,44,101.84,6.37,4,18,DAN TORN,74,MILLA KEITEL
ATTRACTION NEWTON,45,146.76,6.12,4,13,UMA WOOD,68,RIP WINSLET
AUTUMN CROW,46,84.89,7.72,3,59,DUSTIN TAUTOU,65,ANGELA HUDSON
BABY HALL,47,45.92,5.74,8,2,NICK WAHLBERG,8,MATTHEW JOHANSSON
BACKLASH UNDEFEATED,48,158.81,8.36,7,58,CHRISTIAN AKROYD,87,SPENCER PECK
BADMAN DAWN,49,76.79,3.66,8,83,BEN WILLIS,115,HARRISON BALE
BALLOON HOMEWARD,51,98.77,4.29,6,46,PARKER GOLDBERG,53,MENA TEMPLE
BALLROOM MOCKINGBIRD,52,10.92,1.37,7,35,JUDY DEAN,71,ADAM GRANT
BANG KWAI,53,22.93,3.28,7,6,BETTE NICHOLSON,30,SANDRA PECK
BANGER PINOCCHIO,54,42.78,1.94,6,5,JOHNNY LOLLOBRIGIDA,20,LUCILLE TRACY
BARBARELLA STREETCAR,55,96.75,3.87,5,66,MARY TANDY,118,CUBA ALLEN
BAREFOOT MANCHURIAN,56,66.82,3.71,8,4,JENNIFER DAVIS,22,ELVIS MARX
BASIC EASY,57,90.79,4.32,6,67,JESSICA BAILEY,120,PENELOPE MONROE
BEACH HEARTBREAKERS,58,64.83,3.81,7,28,WOODY HOFFMAN,44,NICK STALLONE
BEAR GRACELAND,59,107.78,4.9,3,81,SCARLETT DAMON,104,PENELOPE CRONYN
BEAST HUNCHBACK,60,76.89,6.99,5,6,BETTE NICHOLSON,41,JODIE DEGENERES
BEAUTY GREASE,61,132.78,6.04,5,111,CAMERON ZELLWEGER,136,ED MANSFIELD
BED HIGHBALL,62,24.94,4.16,5,4,JENNIFER DAVIS,107,GINA DEGENERES
BEDAZZLED MARRIED,63,16.87,1.3,7,20,LUCILLE TRACY,51,GARY PHOENIX
BEETHOVEN EXORCIST,64,16.89,1.54,6,30,SANDRA PECK,119,WARREN JACKMAN
BEHAVIOR RUNAWAY,65,100.87,7.76,5,32,TIM HACKMAN,45,REESE KILMER
BENEATH RUSH,66,16.9,1.69,7,45,REESE KILMER,76,ANGELINA ASTAIRE
BERETS AGENT,67,78.78,3.75,10,7,GRACE MOSTEL,47,JULIA BARRYMORE
BETRAYED REAR,68,91.85,6.12,4,58,CHRISTIAN AKROYD,76,ANGELINA ASTAIRE
BEVERLY OUTLAW,69,115.79,5.51,4,30,SANDRA PECK,41,JODIE DEGENERES
BIKINI BORROWERS,70,98.83,5.81,2,6,BETTE NICHOLSON,104,PENELOPE CRONYN
BILKO ANONYMOUS,71,102.87,7.91,3,39,GOLDIE BRODY,93,ELLEN PRESLEY
BILL OTHERS,72,67.81,3.57,6,59,DUSTIN TAUTOU,85,MINNIE ZELLWEGER
BINGO TALENTED,73,131.71,4.54,5,39,GOLDIE BRODY,63,CAMERON WRAY
BIRCH ANTITRUST,74,74.89,6.81,6,9,JOE SWANK,28,WOODY HOFFMAN
BIRD INDEPENDENCE,75,63.89,5.81,2,55,FAY KILMER,150,JAYNE NOLTE
BIRDCAGE CASPER,76,23.91,2.66,4,88,KENNETH PESCI,94,KENNETH TORN
BIRDS PERDITION,77,111.82,6.21,4,30,SANDRA PECK,73,GARY PENN
BLACKOUT PRIVATE,78,91.73,3.4,5,23,SANDRA KILMER,77,CARY MCCONAUGHEY
BLADE POLISH,79,34.79,1.58,5,4,JENNIFER DAVIS,29,ALEC WAYNE
BLANKET BEVERLY,80,40.88,3.41,4,16,FRED COSTNER,173,ALAN DREYFUSS
BLINDNESS GUN,81,76.86,5.49,3,36,BURT DUKAKIS,98,CHRIS BRIDGES
BLOOD ARGONAUTS,82,38.9,3.89,4,128,CATE MCQUEEN,132,ADAM HOPPER
BLUES INSTINCT,83,84.79,4.04,4,24,CAMERON STREEP,106,GROUCHO DUNST
BOILED DARES,84,77.85,5.19,8,18,DAN TORN,32,TIM HACKMAN
BONNIE HOLOCAUST,85,32.84,2.05,9,5,JOHNNY LOLLOBRIGIDA,27,JULIA MCQUEEN
BOOGIE AMELIE,86,163.7,5.64,6,25,KEVIN BLOOM,41,JODIE DEGENERES
BORN SPINAL,88,59.88,4.99,9,21,KIRSTEN PALTROW,31,SISSY SOBIESKI
BORROWERS BEDAZZLED,89,27.78,1.26,7,15,CUBA OLIVIER,22,ELVIS MARX
BOULEVARD MOB,90,63.82,3.55,8,26,RIP CRAWFORD,34,AUDREY OLIVIER
BOUND CHEAPER,91,50.76,2.12,2,12,KARL BERRY,15,CUBA OLIVIER
BOWFINGER GABLES,92,56.89,5.17,5,12,KARL BERRY,52,CARMEN HUNT
BRANNIGAN SUNRISE,93,74.88,6.24,2,26,RIP CRAWFORD,169,KENNETH HOFFMAN
BRAVEHEART HUMAN,94,16.95,3.39,4,44,NICK STALLONE,92,KIRSTEN AKROYD
BREAKFAST GOLDFINGER,95,109.83,6.46,5,76,ANGELINA ASTAIRE,149,RUSSELL TEMPLE
BREAKING HOME,96,51.87,3.99,6,7,GRACE MOSTEL,17,HELEN VOIGHT
BRIGHT ENCOUNTERS,98,92.87,7.14,4,111,CAMERON ZELLWEGER,125,ALBERT NOLTE
BRINGING HYSTERICAL,99,71.8,3.59,2,48,FRANCES DAY-LEWIS,144,ANGELA WITHERSPOON
BROOKLYN DESERT,100,116.79,5.56,5,41,JODIE DEGENERES,62,JAYNE NEESON
BROTHERHOOD BLANKET,101,101.74,3.91,5,16,FRED COSTNER,48,FRANCES DAY-LEWIS
BUBBLE GROSSE,102,35.94,5.99,3,158,VIVIEN BASINGER,170,MENA HOPPER
BUCKET BROTHERHOOD,103,180.66,5.31,6,26,RIP CRAWFORD,32,TIM HACKMAN
BUGSY SONG,104,55.89,5.08,2,82,WOODY JOLIE,92,KIRSTEN AKROYD
BULL SHAWSHANK,105,21.84,1.37,8,2,NICK WAHLBERG,23,SANDRA KILMER
BULWORTH COMMANDMENTS,106,32.93,4.7,4,1,PENELOPE GUINESS,65,ANGELA HUDSON
BUNCH MINDS,107,25.95,5.19,8,12,KARL BERRY,28,WOODY HOFFMAN
BUTTERFLY CHOCOLAT,109,123.7,4.12,7,44,NICK STALLONE,53,MENA TEMPLE
CABIN FLASH,110,40.85,2.72,4,13,UMA WOOD,29,ALEC WAYNE
CADDYSHACK JEDI,111,51.84,3.24,7,3,ED CHASE,22,ELVIS MARX
CALENDAR GUNFIGHT,112,141.79,6.75,8,6,BETTE NICHOLSON,24,CAMERON STREEP
CALIFORNIA BIRDS,113,83.88,6.99,2,124,SCARLETT BENING,183,RUSSELL CLOSE
CAMELOT VACATION,114,101.73,3.77,2,57,JUDE CRUISE,125,ALBERT NOLTE
CAMPUS REMEMBER,115,90.81,4.78,3,8,MATTHEW JOHANSSON,45,REESE KILMER
CANDIDATE PERDITION,116,96.81,5.38,4,23,SANDRA KILMER,105,SIDNEY CROWE
CANDLES GRAPES,117,128.77,5.6,7,23,SANDRA KILMER,45,REESE KILMER
CANYON STOCK,118,27.81,1.46,6,11,ZERO CAGE,37,VAL BOLGER
CAPER MOTIONS,119,38.76,1.62,7,17,HELEN VOIGHT,34,AUDREY OLIVIER
CARIBBEAN LIBERTY,120,71.91,7.99,8,83,BEN WILLIS,93,ELLEN PRESLEY
CAROL TEXAS,121,83.82,4.66,7,16,FRED COSTNER,51,GARY PHOENIX
CARRIE BUNCH,122,34.77,1.51,7,37,VAL BOLGER,53,MENA TEMPLE
CASABLANCA SUPER,123,82.84,5.18,4,92,KIRSTEN AKROYD,102,WALTER TORN
CASPER DRAGONFLY,124,52.92,6.62,5,17,HELEN VOIGHT,64,RAY JOHANSSON
CASSIDY WYOMING,125,23.94,3.99,7,15,CUBA OLIVIER,23,SANDRA KILMER
CASUALTIES ENCINO,126,72.91,8.1,5,24,CAMERON STREEP,53,MENA TEMPLE
CAT CONEHEADS,127,181.7,6.06,4,17,HELEN VOIGHT,144,ANGELA WITHERSPOON
CAUSE DATE,129,128.79,6.13,6,54,PENELOPE PINKETT,59,DUSTIN TAUTOU
CELEBRITY HORN,130,32.76,1.37,4,59,DUSTIN TAUTOU,103,MATTHEW LEIGH
CENTER DINOSAUR,131,137.76,5.74,4,29,ALEC WAYNE,147,FAY WINSLET
CHAINSAW UPTOWN,132,33.79,1.61,2,2,NICK WAHLBERG,134,GENE HOPKINS
CHAMBER ITALIAN,133,65.88,5.07,7,29,ALEC WAYNE,60,HENRY BERRY
CHAMPION FLATLINERS,134,85.87,6.61,4,48,FRANCES DAY-LEWIS,57,JUDE CRUISE
CHANCE RESURRECTION,135,141.73,5.25,6,33,MILLA PECK,58,CHRISTIAN AKROYD
CHAPLIN LICENSE,136,23.92,2.99,6,32,TIM HACKMAN,104,PENELOPE CRONYN
CHARADE DUFFEL,137,80.85,5.39,3,86,GREG CHAPLIN,92,KIRSTEN AKROYD
CHARIOTS CONSPIRACY,138,71.79,3.42,2,107,GINA DEGENERES,185,MICHAEL BOLGER
CHASING FIGHT,139,110.81,5.54,5,42,TOM MIRANDA,142,JADA RYDER
CHEAPER CLYDE,140,36.8,1.84,2,1,PENELOPE GUINESS,20,LUCILLE TRACY
CHICAGO NORTH,141,89.84,5.62,8,79,MAE HOFFMAN,118,CUBA ALLEN
CHICKEN HELLFIGHTERS,142,68.78,3.13,2,21,KIRSTEN PALTROW,60,HENRY BERRY
CHILL LUCK,143,32.78,1.49,5,66,MARY TANDY,75,BURT POSEY
CHISUM BEHAVIOR,145,73.87,5.68,4,2,NICK WAHLBERG,134,GENE HOPKINS
CHITTY LOCK,146,28.92,3.62,13,5,JOHNNY LOLLOBRIGIDA,20,LUCILLE TRACY
CHOCOLAT HARRY,147,52.8,2.64,5,9,JOE SWANK,26,RIP CRAWFORD
CHRISTMAS MOONSHINE,149,28.79,1.37,3,120,PENELOPE MONROE,148,EMILY DEE
CIDER DESIRE,150,62.81,3.31,5,27,JULIA MCQUEEN,41,JODIE DEGENERES
CINCINATTI WHISPERER,151,87.87,6.76,4,49,ANNE CRONYN,112,RUSSELL BACALL
CIRCUS YOUTH,152,60.85,4.06,2,19,BOB FAWCETT,181,MATTHEW CARREY
CITIZEN SHREK,153,21.87,1.68,8,25,KEVIN BLOOM,51,GARY PHOENIX
CLASH FREDDY,154,85.75,3.43,7,13,UMA WOOD,14,VIVIEN BERGEN
CLEOPATRA DEVIL,155,29.83,1.66,7,12,KARL BERRY,16,FRED COSTNER
CLERKS ANGELS,156,50.93,7.28,4,104,PENELOPE CRONYN,110,SUSAN DAVIS
CLOCKWORK PARADISE,157,11.9,1.19,5,87,SPENCER PECK,109,SYLVESTER DERN
CLONES PINOCCHIO,158,65.81,3.46,5,8,MATTHEW JOHANSSON,65,ANGELA HUDSON
CLOSER BANG,159,172.72,6.17,6,21,KIRSTEN PALTROW,41,JODIE DEGENERES
CLUB GRAFFITI,160,44.8,2.36,4,38,TOM MCKELLEN,137,MORGAN WILLIAMS
CLUE GRAIL,161,40.93,5.85,6,43,KIRK JOVOVICH,68,RIP WINSLET
CLUELESS BUCKET,162,112.75,4.51,8,13,UMA WOOD,89,CHARLIZE DENCH
CLYDE THEORY,163,23.92,2.99,4,31,SISSY SOBIESKI,40,JOHNNY CAGE
COAST RAINBOW,164,42.79,2.04,10,6,BETTE NICHOLSON,24,CAMERON STREEP
COLDBLOODED DARLING,165,89.84,5.62,4,6,BETTE NICHOLSON,20,LUCILLE TRACY
COLOR PHILADELPHIA,166,93.76,3.91,7,1,PENELOPE GUINESS,106,GROUCHO DUNST
COMA HEAD,167,137.74,5.3,3,63,CAMERON WRAY,117,RENEE TRACY
COMANCHEROS ENEMY,168,9.94,1.66,5,39,GOLDIE BRODY,128,CATE MCQUEEN
COMFORTS RUSH,169,84.83,4.99,5,149,RUSSELL TEMPLE,154,MERYL GIBSON
COMMAND DARLING,170,107.84,6.74,8,7,GRACE MOSTEL,75,BURT POSEY
CONEHEADS SMOOCHY,172,136.75,5.47,9,5,JOHNNY LOLLOBRIGIDA,18,DAN TORN
CONFESSIONS MAGUIRE,173,75.86,5.42,4,7,GRACE MOSTEL,112,RUSSELL BACALL
CONFIDENTIAL INTERVIEW,174,164.71,5.68,2,46,PARKER GOLDBERG,109,SYLVESTER DERN
CONFUSED CANDLES,175,102.83,6.05,6,58,CHRISTIAN AKROYD,80,RALPH CRUZ
CONGENIALITY QUEST,176,39.78,1.81,3,38,TOM MCKELLEN,44,NICK STALLONE
CONNECTICUT TRAMP,177,90.87,6.99,7,12,KARL BERRY,16,FRED COSTNER
CONNECTION MICROCOSMOS,178,10.93,1.56,7,24,CAMERON STREEP,50,NATALIE HOPKINS
CONQUERER NUTS,179,99.84,6.24,6,8,MATTHEW JOHANSSON,21,KIRSTEN PALTROW
CONSPIRACY SPIRIT,180,16.95,3.39,4,43,KIRK JOVOVICH,153,MINNIE KILMER
CONTACT ANONYMOUS,181,85.74,3.3,5,53,MENA TEMPLE,91,CHRISTOPHER BERRY
CONTROL ANTHEM,182,36.93,5.28,3,19,BOB FAWCETT,34,AUDREY OLIVIER
CONVERSATION DOWNHILL,183,114.83,6.75,3,59,DUSTIN TAUTOU,98,CHRIS BRIDGES
CORE SUIT,184,103.82,5.77,4,54,PENELOPE PINKETT,104,PENELOPE CRONYN
COWBOY DOOM,185,28.93,4.13,5,3,ED CHASE,74,MILLA KEITEL
CRAFT OUTFIELD,186,20.84,1.3,6,26,RIP CRAWFORD,60,HENRY BERRY
CRANES RESERVOIR,187,42.89,3.9,6,14,VIVIEN BERGEN,45,REESE KILMER
CRAZY HOME,188,26.91,2.99,13,31,SISSY SOBIESKI,82,WOODY JOLIE
CREATURES SHAKESPEARE,189,56.84,3.55,3,101,SUSAN DAVIS,106,GROUCHO DUNST
CREEPERS KANE,190,82.86,5.92,6,91,CHRISTOPHER BERRY,109,SYLVESTER DERN
CROOKED FROGMEN,191,41.77,1.82,6,9,JOE SWANK,10,CHRISTIAN GABLE
CROSSROADS CASUALTIES,193,77.79,3.7,8,6,BETTE NICHOLSON,88,KENNETH PESCI
CROW GREASE,194,18.88,1.57,10,24,CAMERON STREEP,41,JODIE DEGENERES
CRUELTY UNFORGIVEN,196,7.93,1.13,2,86,GREG CHAPLIN,168,WILL WILSON
CRUSADE HONEY,197,47.92,5.99,9,32,TIM HACKMAN,55,FAY KILMER
CUPBOARD SINNERS,199,106.77,4.64,8,17,HELEN VOIGHT,24,CAMERON STREEP
CURTAIN VIDEOTAPE,200,38.74,1.43,3,9,JOE SWANK,102,WALTER TORN
CYCLONE FAMILY,201,48.86,3.26,3,17,HELEN VOIGHT,26,RIP CRAWFORD
DADDY PITTSBURGH,202,75.87,5.84,5,5,JOHNNY LOLLOBRIGIDA,69,KENNETH PALTROW
DAISY MENAGERIE,203,95.84,5.99,7,5,JOHNNY LOLLOBRIGIDA,13,UMA WOOD
DALMATIONS SWEDEN,204,58.8,2.94,6,9,JOE SWANK,25,KEVIN BLOOM
DANCES NONE,205,31.86,2.28,5,8,MATTHEW JOHANSSON,11,ZERO CAGE
DANCING FEVER,206,55.73,2.06,6,94,KENNETH TORN,103,MATTHEW LEIGH
DANGEROUS UPTOWN,207,66.88,5.57,8,49,ANNE CRONYN,66,MARY TANDY
DARES PLUTO,208,29.91,3.32,10,12,KARL BERRY,19,BOB FAWCETT
DARKNESS WAR,209,48.87,3.76,2,96,GENE WILLIS,107,GINA DEGENERES
DARKO DORADO,210,82.89,7.54,4,59,DUSTIN TAUTOU,114,MORGAN MCDORMAND
DARLING BREAKING,211,49.91,5.55,2,48,FRANCES DAY-LEWIS,62,JAYNE NEESON
DARN FORRESTER,212,93.82,5.21,9,19,BOB FAWCETT,23,SANDRA KILMER
DATE SPEED,213,45.87,3.53,4,12,KARL BERRY,25,KEVIN BLOOM
DAUGHTER MADIGAN,214,69.91,7.77,4,33,MILLA PECK,136,ED MANSFIELD
DAWN POND,215,128.82,7.16,6,68,RIP WINSLET,81,SCARLETT DAMON
DAY UNFAITHFUL,216,109.86,7.85,5,12,KARL BERRY,85,MINNIE ZELLWEGER
DECEIVER BETRAYED,218,25.79,1.23,4,7,GRACE MOSTEL,16,FRED COSTNER
DEEP CRUSADE,219,80.86,5.78,7,32,TIM HACKMAN,45,REESE KILMER
DEER VIRGINIAN,220,96.72,3.34,3,107,GINA DEGENERES,121,LIZA BERGMAN
DESERT POSEIDON,222,118.81,6.25,5,39,GOLDIE BRODY,60,HENRY BERRY
DESIRE ALIEN,223,25.92,3.24,7,38,TOM MCKELLEN,40,JOHNNY CAGE
DESPERATE TRAINSPOTTING,224,31.94,5.32,4,77,CARY MCCONAUGHEY,117,RENEE TRACY
DESTINATION JERK,225,31.92,3.99,3,7,GRACE MOSTEL,26,RIP CRAWFORD
DESTINY SATURDAY,226,96.84,6.05,7,2,NICK WAHLBERG,23,SANDRA KILMER
DETAILS PACKER,227,133.81,7.04,2,70,MICHELLE MCCONAUGHEY,122,SALMA NOLTE
DETECTIVE VISION,228,68.73,2.55,3,94,KENNETH TORN,144,ANGELA WITHERSPOON
DEVIL DESIRE,229,83.85,5.59,5,66,MARY TANDY,92,KIRSTEN AKROYD
DIARY PANIC,230,27.91,3.1,4,41,JODIE DEGENERES,66,MARY TANDY
DINOSAUR SECRETARY,231,70.8,3.54,6,20,LUCILLE TRACY,36,BURT DUKAKIS
DIRTY ACE,232,55.85,3.72,5,14,VIVIEN BERGEN,81,SCARLETT DAMON
DISCIPLE MOTHER,233,41.81,2.2,7,40,JOHNNY CAGE,47,JULIA BARRYMORE
DISTURBING SCARFACE,234,89.74,3.45,4,76,ANGELINA ASTAIRE,88,KENNETH PESCI
DIVIDE MONSTER,235,67.79,3.23,6,23,SANDRA KILMER,58,CHRISTIAN AKROYD
DIVINE RESURRECTION,236,64.85,4.32,5,10,CHRISTIAN GABLE,15,CUBA OLIVIER
DIVORCE SHINING,237,33.93,4.85,6,61,CHRISTIAN NEESON,72,SEAN WILLIAMS
DOCTOR GRAIL,238,34.93,4.99,6,84,JAMES PITT,120,PENELOPE MONROE
DOGMA FAMILY,239,178.7,5.96,7,43,KIRK JOVOVICH,60,HENRY BERRY
DONNIE ALLEY,241,35.86,2.56,7,14,VIVIEN BERGEN,26,RIP CRAWFORD
DOOM DANCING,242,73.79,3.51,8,24,CAMERON STREEP,44,NICK STALLONE
DOORS PRESIDENT,243,123.81,6.52,9,12,KARL BERRY,20,LUCILLE TRACY
DORADO NOTTING,244,176.73,6.55,4,34,AUDREY OLIVIER,67,JESSICA BAILEY
DOUBLE WRATH,245,74.75,2.99,8,25,KEVIN BLOOM,36,BURT DUKAKIS
DOUBTFIRE LABYRINTH,246,57.9,5.79,5,115,HARRISON BALE,117,RENEE TRACY
DOWNHILL ENOUGH,247,84.75,3.39,4,82,WOODY JOLIE,83,BEN WILLIS
DOZEN LION,248,36.93,5.28,6,50,NATALIE HOPKINS,63,CAMERON WRAY
DRACULA CRYSTAL,249,24.79,1.18,13,2,NICK WAHLBERG,41,JODIE DEGENERES
DRAGON SQUAD,250,27.89,2.54,8,49,ANNE CRONYN,87,SPENCER PECK
DRAGONFLY STRANGERS,251,103.82,5.77,3,10,CHRISTIAN GABLE,76,ANGELINA ASTAIRE
DREAM PICKUP,252,81.78,3.72,4,33,MILLA PECK,41,JODIE DEGENERES
DRIFTER COMMANDMENTS,253,141.76,5.91,7,14,VIVIEN BERGEN,21,KIRSTEN PALTROW
DRIVER ANNIE,254,69.82,3.88,8,13,UMA WOOD,23,SANDRA KILMER
DRIVING POLISH,255,115.79,5.51,7,8,MATTHEW JOHANSSON,14,VIVIEN BERGEN
DROP WATERFRONT,256,48.91,5.43,8,6,BETTE NICHOLSON,24,CAMERON STREEP
DRUMS DYNAMITE,258,24.87,1.91,7,14,VIVIEN BERGEN,57,JUDE CRUISE
DUCK RACER,259,23.94,3.99,2,28,WOODY HOFFMAN,104,PENELOPE CRONYN
DUDE BLINDNESS,260,110.84,6.93,7,30,SANDRA PECK,37,VAL BOLGER
DUFFEL APOCALYPSE,261,6.93,0.99,3,77,CARY MCCONAUGHEY,78,GROUCHO SINATRA
DUMBO LUST,262,13.94,2.32,9,30,SANDRA PECK,60,HENRY BERRY
DURHAM PANKY,263,144.74,5.57,9,8,MATTHEW JOHANSSON,28,WOODY HOFFMAN
DYING MAKER,265,93.83,5.52,2,78,GROUCHO SINATRA,185,MICHAEL BOLGER
DYNAMITE TARZAN,266,62.75,2.51,5,19,BOB FAWCETT,89,CHARLIZE DENCH
EAGLES PANKY,267,152.78,6.94,6,16,FRED COSTNER,48,FRANCES DAY-LEWIS
EARLY HOME,268,41.93,5.99,6,18,DAN TORN,53,MENA TEMPLE
EARRING INSTINCT,269,62.81,3.31,5,16,FRED COSTNER,20,LUCILLE TRACY
EARTH VISION,270,34.77,1.51,3,94,KENNETH TORN,133,RICHARD PENN
EASY GLADIATOR,271,150.77,6.56,3,16,FRED COSTNER,103,MATTHEW LEIGH
EDGE KISSING,272,92.85,6.19,3,62,JAYNE NEESON,144,ANGELA WITHERSPOON
EFFECT GLADIATOR,273,53.75,2.15,7,27,JULIA MCQUEEN,29,ALEC WAYNE
EGG IGBY,274,105.79,5.04,5,20,LUCILLE TRACY,38,TOM MCKELLEN
EGYPT TENENBAUMS,275,72.83,4.28,5,15,CUBA OLIVIER,73,GARY PENN
ELEMENT FREDDY,276,56.9,5.69,4,43,KIRK JOVOVICH,65,ANGELA HUDSON
ELEPHANT TROJAN,277,89.86,6.42,5,1,PENELOPE GUINESS,24,CAMERON STREEP
ELF MURDER,278,39.93,5.7,5,63,CAMERON WRAY,108,WARREN NOLTE
ELIZABETH SHANE,279,51.9,5.19,3,18,DAN TORN,83,BEN WILLIS
EMPIRE MALKOVICH,280,30.79,1.47,9,15,CUBA OLIVIER,16,FRED COSTNER
ENCINO ELF,281,27.81,1.46,6,11,ZERO CAGE,21,KIRSTEN PALTROW
ENCOUNTERS CURTAIN,282,39.81,2.1,4,29,ALEC WAYNE,49,ANNE CRONYN
ENDING CROWDS,283,18.89,1.72,5,11,ZERO CAGE,36,BURT DUKAKIS
ENEMY ODDS,284,180.71,6.23,4,14,VIVIEN BERGEN,121,LIZA BERGMAN
ENGLISH BULWORTH,285,103.7,3.46,5,53,MENA TEMPLE,54,PENELOPE PINKETT
ENOUGH RAGING,286,57.82,3.21,9,5,JOHNNY LOLLOBRIGIDA,30,SANDRA PECK
ENTRAPMENT SATISFACTION,287,47.85,3.19,4,16,FRED COSTNER,28,WOODY HOFFMAN
ESCAPE METROPOLIS,288,80.75,3.23,4,5,JOHNNY LOLLOBRIGIDA,50,NATALIE HOPKINS
EVE RESURRECTION,289,40.93,5.85,6,3,ED CHASE,101,SUSAN DAVIS
EVERYONE CRAFT,290,24.87,1.91,5,39,GOLDIE BRODY,70,MICHELLE MCCONAUGHEY
EVOLUTION ALTER,291,26.88,2.24,6,22,ELVIS MARX,64,RAY JOHANSSON
EXCITEMENT EVE,292,67.79,3.23,8,7,GRACE MOSTEL,14,VIVIEN BERGEN
EXORCIST STING,293,52.87,4.07,5,39,GOLDIE BRODY,144,ANGELA WITHERSPOON
EXPECATIONS NATURAL,294,110.82,6.16,3,22,ELVIS MARX,95,DARYL WAHLBERG
EXPENDABLE STALLION,295,97.72,3.49,4,48,FRANCES DAY-LEWIS,59,DUSTIN TAUTOU
EXPRESS LONELY,296,49.87,3.84,8,29,ALEC WAYNE,46,PARKER GOLDBERG
EXTRAORDINARY CONQUERER,297,22.94,3.82,7,60,HENRY BERRY,85,MINNIE ZELLWEGER
EYES DRIVING,298,83.81,4.41,5,56,DAN HARRIS,117,RENEE TRACY
FACTORY DRAGON,299,32.83,1.93,6,31,SISSY SOBIESKI,60,HENRY BERRY
FALCON VOLUME,300,127.77,5.81,4,66,MARY TANDY,69,KENNETH PALTROW
FAMILY SWEET,301,70.7,2.44,9,30,SANDRA PECK,54,PENELOPE PINKETT
FANTASIA PARK,302,73.81,3.88,3,108,WARREN NOLTE,115,HARRISON BALE
FANTASY TROOPERS,303,45.74,1.76,9,50,NATALIE HOPKINS,86,GREG CHAPLIN
FARGO GANDHI,304,111.76,4.66,5,70,MICHELLE MCCONAUGHEY,81,SCARLETT DAMON
FATAL HAUNTED,305,107.72,3.85,6,33,MILLA PECK,41,JODIE DEGENERES
FEATHERS METAL,306,41.89,3.81,9,33,MILLA PECK,50,NATALIE HOPKINS
FELLOWSHIP AUTUMN,307,149.74,5.76,7,53,MENA TEMPLE,55,FAY KILMER
FEUD FROGMEN,309,39.75,1.59,4,32,TIM HACKMAN,42,TOM MIRANDA
FEVER EMPIRE,310,33.95,6.79,3,17,HELEN VOIGHT,147,FAY WINSLET
FICTION CHRISTMAS,311,58.81,3.1,8,25,KEVIN BLOOM,29,ALEC WAYNE
FIDDLER LOST,312,64.9,6.49,11,32,TIM HACKMAN,48,FRANCES DAY-LEWIS
FIDELITY DEVIL,313,138.79,6.61,4,17,HELEN VOIGHT,104,PENELOPE CRONYN
FIGHT JAWBREAKER,314,59.78,2.72,3,2,NICK WAHLBERG,146,ALBERT JOHANSSON
FINDING ANACONDA,315,28.88,2.41,5,48,FRANCES DAY-LEWIS,68,RIP WINSLET
FIRE WOLVES,316,39.93,5.7,5,5,JOHNNY LOLLOBRIGIDA,58,CHRISTIAN AKROYD
FIREBALL PHILADELPHIA,317,60.79,2.89,5,37,VAL BOLGER,57,JUDE CRUISE
FISH OPUS,319,108.75,4.35,2,46,PARKER GOLDBERG,167,LAURENCE BULLOCK
FLAMINGOS CONNECTICUT,320,139.77,6.08,9,39,GOLDIE BRODY,42,TOM MIRANDA
FLASH WARS,321,92.87,7.14,7,2,NICK WAHLBERG,8,MATTHEW JOHANSSON
FLATLINERS KILLER,322,90.78,4.13,9,44,NICK STALLONE,73,GARY PENN
FLINTSTONES HAPPINESS,324,134.83,7.93,4,125,ALBERT NOLTE,164,HUMPHREY WILLIS
FLYING HOOK,326,83.8,4.19,8,15,CUBA OLIVIER,40,JOHNNY CAGE
FOOL MOCKINGBIRD,327,175.77,7.64,2,26,RIP CRAWFORD,50,NATALIE HOPKINS
FORREST SONS,329,87.82,4.88,5,3,ED CHASE,26,RIP CRAWFORD
FORRESTER COMANCHEROS,330,146.73,5.43,3,43,KIRK JOVOVICH,45,REESE KILMER
FORWARD TEMPLE,331,128.68,4.02,3,68,RIP WINSLET,72,SEAN WILLIAMS
FREAKY POCUS,333,52.83,3.11,5,42,TOM MIRANDA,103,MATTHEW LEIGH
FREDDY STORM,334,126.77,5.51,3,27,JULIA MCQUEEN,60,HENRY BERRY
FREEDOM CLEOPATRA,335,5.95,1.19,5,24,CAMERON STREEP,29,ALEC WAYNE
FRENCH HOLIDAY,336,102.83,6.05,7,3,ED CHASE,34,AUDREY OLIVIER
FRIDA SLIPPER,337,40.9,3.72,5,13,UMA WOOD,62,JAYNE NEESON
FRISCO FORREST,338,53.91,5.99,9,38,TOM MCKELLEN,65,ANGELA HUDSON
FROGMEN BREAKING,339,16.9,1.69,6,83,BEN WILLIS,93,ELLEN PRESLEY
FRONTIER CABIN,340,35.94,5.99,6,5,JOHNNY LOLLOBRIGIDA,26,RIP CRAWFORD
FROST HEAD,341,76.7,2.56,7,3,ED CHASE,52,CARMEN HUNT
FUGITIVE MAGUIRE,342,56.89,5.17,11,15,CUBA OLIVIER,29,ALEC WAYNE
FULL FLATLINERS,343,16.95,3.39,6,70,MICHELLE MCCONAUGHEY,77,CARY MCCONAUGHEY
FURY MURDER,344,63.81,3.36,4,12,KARL BERRY,43,KIRK JOVOVICH
GABLES METROPOLIS,345,57.81,3.04,8,16,FRED COSTNER,26,RIP CRAWFORD
GALAXY SWEETHEARTS,346,115.82,6.43,3,13,UMA WOOD,182,DEBBIE AKROYD
GAMES BOWFINGER,347,72.86,5.2,8,27,JULIA MCQUEEN,65,ANGELA HUDSON
GANDHI KWAI,348,22.83,1.34,8,11,ZERO CAGE,20,LUCILLE TRACY
GANGS PRIDE,349,112.73,4.18,4,22,ELVIS MARX,48,FRANCES DAY-LEWIS
GARDEN ISLAND,350,144.8,7.24,3,66,MARY TANDY,108,WARREN NOLTE
GASLIGHT CRUSADE,351,62.84,3.93,5,7,GRACE MOSTEL,47,JULIA BARRYMORE
GATHERING CALENDAR,352,24.89,2.26,3,174,MICHAEL BENING,193,BURT TEMPLE
GENTLEMEN STAGE,353,81.77,3.56,8,38,TOM MCKELLEN,95,DARYL WAHLBERG
GHOST GROUNDHOG,354,119.79,5.7,5,56,DAN HARRIS,94,KENNETH TORN
GILBERT PELICAN,357,17.91,1.99,4,2,NICK WAHLBERG,30,SANDRA PECK
GILMORE BOILED,358,64.72,2.31,6,28,WOODY HOFFMAN,53,MENA TEMPLE
GLASS DYING,360,43.86,3.13,4,103,MATTHEW LEIGH,110,SUSAN DAVIS
GLEAMING JAWBREAKER,361,136.7,4.71,8,1,PENELOPE GUINESS,66,MARY TANDY
GLORY TRACY,362,14.95,2.99,6,61,CHRISTIAN NEESON,71,ADAM GRANT
GO PURPLE,363,54.8,2.74,3,90,SEAN GUINESS,122,SALMA NOLTE
GODFATHER DIARY,364,37.92,4.74,6,11,ZERO CAGE,86,GREG CHAPLIN
GOLD RIVER,365,94.86,6.78,2,106,GROUCHO DUNST,149,RUSSELL TEMPLE
GOLDFINGER SENSIBILITY,366,81.76,3.41,4,10,CHRISTIAN GABLE,20,LUCILLE TRACY
GOLDMINE TYCOON,367,48.73,1.8,7,23,SANDRA KILMER,79,MAE HOFFMAN
GONE TROUBLE,368,35.9,3.59,5,31,SISSY SOBIESKI,133,RICHARD PENN
GOODFELLAS SALUTE,369,209.69,6.76,8,2,NICK WAHLBERG,5,JOHNNY LOLLOBRIGIDA
GORGEOUS BINGO,370,105.81,5.57,7,14,VIVIEN BERGEN,23,SANDRA KILMER
GOSFORD DONNIE,371,48.92,6.12,3,65,ANGELA HUDSON,142,JADA RYDER
GRACELAND DYNAMITE,372,37.94,6.32,6,50,NATALIE HOPKINS,61,CHRISTIAN NEESON
GRADUATE LORD,373,52.84,3.3,2,139,EWAN GOODING,140,WHOOPI HURT
GRAFFITI LOVE,374,81.7,2.72,6,40,JOHNNY CAGE,61,CHRISTIAN NEESON
GRAIL FRANKENSTEIN,375,52.9,5.29,5,5,JOHNNY LOLLOBRIGIDA,62,JAYNE NEESON
GRAPES FURY,376,56.77,2.58,5,52,CARMEN HUNT,60,HENRY BERRY
GREASE YOUTH,377,28.79,1.37,3,43,KIRK JOVOVICH,105,SIDNEY CROWE
GREATEST NORTH,378,109.71,3.78,6,17,HELEN VOIGHT,68,RIP WINSLET
GREEDY ROOTS,379,15.86,1.13,8,4,JENNIFER DAVIS,73,GARY PENN
GREEK EVERYONE,380,55.83,3.28,4,31,SISSY SOBIESKI,36,BURT DUKAKIS
GRINCH MASSAGE,381,76.86,5.49,6,13,UMA WOOD,36,BURT DUKAKIS
GRIT CLOCKWORK,382,110.68,3.46,3,111,CAMERON ZELLWEGER,127,KEVIN GARLAND
GROOVE FICTION,383,41.82,2.32,7,5,JOHNNY LOLLOBRIGIDA,41,JODIE DEGENERES
GROSSE WONDERFUL,384,46.92,5.87,4,90,SEAN GUINESS,116,DAN STREEP
GROUNDHOG UNCUT,385,102.82,5.71,7,13,UMA WOOD,47,JULIA BARRYMORE
GUN BONNIE,387,37.75,1.51,5,36,BURT DUKAKIS,78,GROUCHO SINATRA
GUNFIGHT MOON,388,55.76,2.32,4,52,CARMEN HUNT,107,GINA DEGENERES
GUNFIGHTER MUSSOLINI,389,68.88,5.74,4,34,AUDREY OLIVIER,35,JUDY DEAN
GUYS FALCON,390,57.91,6.43,5,26,RIP CRAWFORD,36,BURT DUKAKIS
HALF OUTFIELD,391,91.75,3.53,6,49,ANNE CRONYN,86,GREG CHAPLIN
HALL CASSIDY,392,98.84,6.18,5,5,JOHNNY LOLLOBRIGIDA,26,RIP CRAWFORD
HALLOWEEN NUTS,393,35.9,3.59,7,3,ED CHASE,34,AUDREY OLIVIER
HAMLET WISDOM,394,48.86,3.49,5,40,JOHNNY CAGE,104,PENELOPE CRONYN
HANDICAP BOONDOCK,395,63.72,2.28,7,11,ZERO CAGE,51,GARY PHOENIX
HANGING DEEP,396,113.81,5.99,7,8,MATTHEW JOHANSSON,40,JOHNNY CAGE
HANKY OCTOBER,397,116.74,4.49,3,133,RICHARD PENN,171,OLYMPIA PFEIFFER
HANOVER GALAXY,398,98.83,5.81,7,4,JENNIFER DAVIS,21,KIRSTEN PALTROW
HAPPINESS UNITED,399,22.94,3.82,5,2,NICK WAHLBERG,71,ADAM GRANT
HARDLY ROBBERS,400,15.96,3.99,3,12,KARL BERRY,49,ANNE CRONYN
HAROLD FRENCH,401,9.92,1.24,7,32,TIM HACKMAN,50,NATALIE HOPKINS
HARPER DYING,402,77.8,3.89,4,94,KENNETH TORN,145,KIM ALLEN
HARRY IDAHO,403,195.7,6.52,6,55,FAY KILMER,111,CAMERON ZELLWEGER
HAUNTED ANTITRUST,405,31.94,5.32,5,24,CAMERON STREEP,72,SEAN WILLIAMS
HAUNTING PIANIST,406,52.78,2.4,5,62,JAYNE NEESON,89,CHARLIZE DENCH
HAWK CHILL,407,15.93,2.28,7,45,REESE KILMER,46,PARKER GOLDBERG
HEAD STRANGER,408,152.78,6.94,2,51,GARY PHOENIX,67,JESSICA BAILEY
HEARTBREAKERS BRIGHT,409,132.8,6.64,5,107,GINA DEGENERES,145,KIM ALLEN
HEAVEN FREEDOM,410,58.82,3.27,10,36,BURT DUKAKIS,43,KIRK JOVOVICH
HEAVENLY GUN,411,41.93,5.99,6,5,JOHNNY LOLLOBRIGIDA,25,KEVIN BLOOM
HEAVYWEIGHTS BEAST,412,129.77,5.64,5,83,BEN WILLIS,116,DAN STREEP
HEDWIG ALTER,413,37.88,3.16,4,62,JAYNE NEESON,84,JAMES PITT
HELLFIGHTERS SIERRA,414,97.8,4.89,12,7,GRACE MOSTEL,15,CUBA OLIVIER
HIGH ENCINO,415,120.78,5.49,7,14,VIVIEN BERGEN,27,JULIA MCQUEEN
HIGHBALL POTTER,416,32.79,1.56,5,12,KARL BERRY,45,REESE KILMER
HILLS NEIGHBORS,417,72.75,2.91,6,14,VIVIEN BERGEN,50,NATALIE HOPKINS
HOBBIT ALIEN,418,81.69,2.64,8,14,VIVIEN BERGEN,22,ELVIS MARX
HOLES BRANNIGAN,420,75.86,5.06,11,12,KARL BERRY,25,KEVIN BLOOM
HOLIDAY GAMES,421,82.85,5.52,6,56,DAN HARRIS,85,MINNIE ZELLWEGER
HOLLOW JEOPARDY,422,49.9,4.99,2,148,EMILY DEE,186,JULIA ZELLWEGER
HOLLYWOOD ANONYMOUS,423,13.87,1.07,6,49,ANNE CRONYN,60,HENRY BERRY
HOLOCAUST HIGHBALL,424,25.83,1.52,5,52,CARMEN HUNT,66,MARY TANDY
HOLY TADPOLE,425,18.91,2.1,3,39,GOLDIE BRODY,114,MORGAN MCDORMAND
HOME PITY,426,79.86,5.7,6,21,KIRSTEN PALTROW,36,BURT DUKAKIS
HOMEWARD CIDER,427,23.84,1.49,7,13,UMA WOOD,32,TIM HACKMAN
HOMICIDE PEACH,428,74.78,3.4,8,19,BOB FAWCETT,48,FRANCES DAY-LEWIS
HONEY TIES,429,68.81,3.62,5,11,ZERO CAGE,21,KIRSTEN PALTROW
HOOK CHARIOTS,430,17.87,1.37,4,22,ELVIS MARX,79,MAE HOFFMAN
HOOSIERS BIRDCAGE,431,41.92,5.24,10,31,SISSY SOBIESKI,32,TIM HACKMAN
HOPE TOOTSIE,432,75.82,4.21,4,86,GREG CHAPLIN,117,RENEE TRACY
HORN WORKING,433,112.76,4.7,8,11,ZERO CAGE,49,ANNE CRONYN
HORROR REIGN,434,87.73,3.25,5,9,JOE SWANK,44,NICK STALLONE
HOTEL HAPPINESS,435,46.91,5.21,4,23,SANDRA KILMER,68,RIP WINSLET
HOURS RAGE,436,49.81,2.62,6,29,ALEC WAYNE,60,HENRY BERRY
HOUSE DYNAMITE,437,74.77,3.25,9,50,NATALIE HOPKINS,57,JUDE CRUISE
HUMAN GRAFFITI,438,80.85,5.39,4,1,PENELOPE GUINESS,16,FRED COSTNER
HUNCHBACK IMPOSSIBLE,439,134.8,6.74,2,106,GROUCHO DUNST,175,WILLIAM HACKMAN
HUNTER ALTER,441,24.95,4.99,4,3,ED CHASE,176,JON CHASE
HUNTING MUSKETEERS,442,53.85,3.59,5,77,CARY MCCONAUGHEY,90,SEAN GUINESS
HURRICANE AFFAIR,443,85.76,3.57,3,92,KIRSTEN AKROYD,112,RUSSELL BACALL
HUSTLER PARTY,444,190.78,8.67,4,29,ALEC WAYNE,76,ANGELINA ASTAIRE
HYDE DOCTOR,445,104.73,4.03,6,15,CUBA OLIVIER,20,LUCILLE TRACY
HYSTERICAL GRAIL,446,87.85,5.86,9,75,BURT POSEY,85,MINNIE ZELLWEGER
ICE CROSSING,447,100.76,4.2,6,53,MENA TEMPLE,57,JUDE CRUISE
IDAHO LOVE,448,80.83,4.75,6,38,TOM MCKELLEN,46,PARKER GOLDBERG
IDENTITY LOVER,449,59.87,4.61,4,23,SANDRA KILMER,29,ALEC WAYNE
IDOLS SNATCHERS,450,114.7,3.82,8,38,TOM MCKELLEN,71,ADAM GRANT
IGBY MAKER,451,99.81,5.25,5,6,BETTE NICHOLSON,90,SEAN GUINESS
ILLUSION AMELIE,452,39.85,2.66,7,69,KENNETH PALTROW,96,GENE WILLIS
IMAGE PRINCESS,453,76.86,5.49,11,3,ED CHASE,11,ZERO CAGE
IMPACT ALADDIN,454,20.91,2.32,3,14,VIVIEN BERGEN,107,GINA DEGENERES
IMPOSSIBLE PREJUDICE,455,74.86,5.35,3,16,FRED COSTNER,135,RITA REYNOLDS
INCH JET,456,95.82,5.32,5,13,UMA WOOD,16,FRED COSTNER
INDEPENDENCE HOTEL,457,38.81,2.04,9,12,KARL BERRY,17,HELEN VOIGHT
INDIAN LOVE,458,50.84,3.18,10,2,NICK WAHLBERG,8,MATTHEW JOHANSSON
INFORMER DOUBLE,459,27.95,5.59,3,117,RENEE TRACY,127,KEVIN GARLAND
INNOCENT USUAL,460,191.74,7.37,3,18,DAN TORN,58,CHRISTIAN AKROYD
INSECTS STONE,461,36.81,2.05,4,51,GARY PHOENIX,85,MINNIE ZELLWEGER
INSIDER ARIZONA,462,73.8,3.69,9,18,DAN TORN,27,JULIA MCQUEEN
INSTINCT AIRPORT,463,72.82,4.05,11,4,JENNIFER DAVIS,7,GRACE MOSTEL
INTENTIONS EMPIRE,464,78.83,4.64,2,76,ANGELINA ASTAIRE,198,MARY KEITEL
INTERVIEW LIAISONS,465,128.8,6.44,5,53,MENA TEMPLE,62,JAYNE NEESON
INTOLERABLE INTENTIONS,466,49.91,5.55,6,36,BURT DUKAKIS,40,JOHNNY CAGE
INTRIGUE WORST,467,37.8,1.89,7,37,VAL BOLGER,45,REESE KILMER
INVASION CYCLONE,468,103.73,3.84,7,82,WOODY JOLIE,117,RENEE TRACY
IRON MOON,469,55.89,5.08,8,17,HELEN VOIGHT,49,ANNE CRONYN
ISHTAR ROCKETEER,470,51.93,7.42,4,92,KIRSTEN AKROYD,122,SALMA NOLTE
ISLAND EXORCIST,471,85.74,3.3,3,64,RAY JOHANSSON,65,ANGELA HUDSON
ITALIAN AFRICAN,472,38.94,6.49,2,14,VIVIEN BERGEN,190,AUDREY BAILEY
JACKET FRISCO,473,77.82,4.32,10,19,BOB FAWCETT,33,MILLA PECK
JADE BUNCH,474,62.82,3.49,8,52,CARMEN HUNT,56,DAN HARRIS
JAPANESE RUN,475,7.94,1.32,9,14,VIVIEN BERGEN,65,ANGELA HUDSON
JASON TRAP,476,100.76,4.2,5,39,GOLDIE BRODY,50,NATALIE HOPKINS
JAWBREAKER BROOKLYN,477,11.9,1.19,5,10,CHRISTIAN GABLE,27,JULIA MCQUEEN
JAWS HARRY,478,63.86,4.56,5,17,HELEN VOIGHT,20,LUCILLE TRACY
JEDI BENEATH,479,21.81,1.15,4,84,JAMES PITT,121,LIZA BERGMAN
JEEPERS WEDDING,480,86.84,5.43,6,3,ED CHASE,10,CHRISTIAN GABLE
JEKYLL FROGMEN,481,86.83,5.11,3,2,NICK WAHLBERG,116,DAN STREEP
JEOPARDY ENCINO,482,28.9,2.89,5,29,ALEC WAYNE,86,GREG CHAPLIN
JERICHO MULAN,483,98.83,5.81,4,22,ELVIS MARX,158,VIVIEN BASINGER
JERK PAYCHECK,484,107.8,5.39,8,18,DAN TORN,36,BURT DUKAKIS
JERSEY SASSY,485,39.94,6.66,9,2,NICK WAHLBERG,11,ZERO CAGE
JET NEIGHBORS,486,109.8,5.49,6,55,FAY KILMER,86,GREG CHAPLIN
JINGLE SAGEBRUSH,487,70.87,5.45,2,145,KIM ALLEN,172,GROUCHO WILLIAMS
JOON NORTHWEST,488,39.83,2.34,2,29,ALEC WAYNE,89,CHARLIZE DENCH
JUGGLER HARDLY,489,96.68,3.02,9,33,MILLA PECK,54,PENELOPE PINKETT
JUMANJI BLADE,490,30.92,3.87,6,4,JENNIFER DAVIS,19,BOB FAWCETT
JUMPING WRATH,491,79.76,3.32,8,22,ELVIS MARX,23,SANDRA KILMER
JUNGLE CLOSER,492,15.91,1.77,6,20,LUCILLE TRACY,53,MENA TEMPLE
KANE EXORCIST,493,20.86,1.49,5,34,AUDREY OLIVIER,36,BURT DUKAKIS
KARATE MOON,494,58.77,2.56,8,40,JOHNNY CAGE,101,SUSAN DAVIS
KICK SAVANNAH,496,61.8,3.09,6,65,ANGELA HUDSON,67,JESSICA BAILEY
KILLER INNOCENT,498,21.94,3.66,5,75,BURT POSEY,76,ANGELINA ASTAIRE
KING EVOLUTION,499,66.91,7.43,6,1,PENELOPE GUINESS,20,LUCILLE TRACY
KISS GLORY,500,132.78,6.04,7,15,CUBA OLIVIER,17,HELEN VOIGHT
KISSING DOLLS,501,147.8,7.39,3,38,TOM MCKELLEN,142,JADA RYDER
KNOCK WARLOCK,502,116.76,4.87,6,15,CUBA OLIVIER,28,WOODY HOFFMAN
KRAMER CHOCOLATE,503,47.91,5.32,8,5,JOHNNY LOLLOBRIGIDA,6,BETTE NICHOLSON
KWAI HOMEWARD,504,50.77,2.21,5,50,NATALIE HOPKINS,70,MICHELLE MCCONAUGHEY
LABYRINTH LEAGUE,505,47.85,3.19,6,42,TOM MIRANDA,78,GROUCHO SINATRA
LADY STAGE,506,118.83,6.99,8,1,PENELOPE GUINESS,48,FRANCES DAY-LEWIS
LADYBUGS ARMAGEDDON,507,17.94,2.99,4,21,KIRSTEN PALTROW,108,WARREN NOLTE
LAMBS CINCINATTI,508,57.9,5.79,15,28,WOODY HOFFMAN,37,VAL BOLGER
LANGUAGE COWBOY,509,19.89,1.81,6,1,PENELOPE GUINESS,6,BETTE NICHOLSON
LAWLESS VISION,510,86.84,5.11,4,9,JOE SWANK,19,BOB FAWCETT
LAWRENCE LOVE,511,15.87,1.22,2,91,CHRISTOPHER BERRY,101,SUSAN DAVIS
LEAGUE HELLFIGHTERS,512,105.83,6.23,6,67,JESSICA BAILEY,92,KIRSTEN AKROYD
LEATHERNECKS DWARFS,513,27.93,3.99,7,12,KARL BERRY,13,UMA WOOD
LEBOWSKI SOLDIERS,514,72.79,3.47,3,9,JOE SWANK,133,RICHARD PENN
LEGALLY SECRETARY,515,46.91,5.21,6,13,UMA WOOD,17,HELEN VOIGHT
LEGEND JEDI,516,13.91,1.55,4,38,TOM MCKELLEN,65,ANGELA HUDSON
LESSON CLEOPATRA,517,23.93,3.42,12,6,BETTE NICHOLSON,52,CARMEN HUNT
LIAISONS SWEET,518,131.78,5.99,6,2,NICK WAHLBERG,53,MENA TEMPLE
LIBERTY MAGNIFICENT,519,75.88,6.32,7,6,BETTE NICHOLSON,29,ALEC WAYNE
LICENSE WEEKEND,520,22.93,3.28,8,50,NATALIE HOPKINS,78,GROUCHO SINATRA
LIES TREATMENT,521,147.73,5.47,7,17,HELEN VOIGHT,40,JOHNNY CAGE
LIFE TWISTED,522,44.9,4.49,8,10,CHRISTIAN GABLE,13,UMA WOOD
LIGHTS DEER,523,9.92,1.24,2,8,MATTHEW JOHANSSON,32,TIM HACKMAN
LION UNCUT,524,34.82,1.93,3,13,UMA WOOD,54,PENELOPE PINKETT
LOATHING LEGALLY,525,63.73,2.36,5,34,AUDREY OLIVIER,51,GARY PHOENIX
LOCK REAR,526,50.84,3.18,2,102,WALTER TORN,161,HARVEY HOPE
LOLA AGENT,527,159.76,6.66,6,20,LUCILLE TRACY,42,TOM MIRANDA
LONELY ELEPHANT,529,77.85,5.19,12,26,RIP CRAWFORD,37,VAL BOLGER
LORD ARIZONA,530,42.89,3.9,6,10,CHRISTIAN GABLE,21,KIRSTEN PALTROW
LOSE INCH,531,81.73,3.03,4,20,LUCILLE TRACY,115,HARRISON BALE
LOSER HUSTLER,532,88.85,5.92,5,8,MATTHEW JOHANSSON,11,ZERO CAGE
LOST BIRD,533,64.88,5.41,3,43,KIRK JOVOVICH,94,KENNETH TORN
LOUISIANA HARRY,534,29.83,1.75,3,60,HENRY BERRY,107,GINA DEGENERES
LOVE SUICIDES,535,35.8,1.79,4,5,JOHNNY LOLLOBRIGIDA,42,TOM MIRANDA
LOVELY JINGLE,536,65.86,4.7,6,14,VIVIEN BERGEN,18,DAN TORN
LOVER TRUMAN,537,62.9,6.29,7,14,VIVIEN BERGEN,45,REESE KILMER
LOVERBOY ATTACKS,538,19.88,1.66,9,20,LUCILLE TRACY,25,KEVIN BLOOM
LUCK OPUS,539,30.9,3.09,6,3,ED CHASE,110,SUSAN DAVIS
LUCKY FLYING,540,43.87,3.37,10,2,NICK WAHLBERG,12,KARL BERRY
LUKE MUMMY,541,28.93,4.13,9,15,CUBA OLIVIER,58,CHRISTIAN AKROYD
LUST LOCK,542,74.82,4.99,7,49,ANNE CRONYN,89,CHARLIZE DENCH
MADIGAN DORADO,543,59.9,5.99,6,64,RAY JOHANSSON,74,MILLA KEITEL
MADISON TRAP,544,76.85,5.12,5,26,RIP CRAWFORD,41,JODIE DEGENERES
MADNESS ATTACKS,545,73.75,2.95,7,48,FRANCES DAY-LEWIS,81,SCARLETT DAMON
MADRE GABLES,546,52.86,3.78,4,42,TOM MIRANDA,54,PENELOPE PINKETT
MAGIC MALLRATS,547,17.93,2.56,4,29,ALEC WAYNE,38,TOM MCKELLEN
MAGNIFICENT CHITTY,548,54.92,6.87,7,16,FRED COSTNER,73,GARY PENN
MAGNOLIA FORRESTER,549,34.89,3.17,7,23,SANDRA KILMER,58,CHRISTIAN AKROYD
MAGUIRE APACHE,550,33.91,3.77,4,2,NICK WAHLBERG,72,SEAN WILLIAMS
MAIDEN HOME,551,163.76,6.82,8,28,WOODY HOFFMAN,58,CHRISTIAN AKROYD
MAJESTIC FLOATS,552,43.83,2.58,5,9,JOE SWANK,50,NATALIE HOPKINS
MAKER GABLES,553,32.9,3.29,11,15,CUBA OLIVIER,37,VAL BOLGER
MALKOVICH PET,554,84.74,3.26,7,7,GRACE MOSTEL,8,MATTHEW JOHANSSON
MALLRATS UNITED,555,77.75,3.11,5,2,NICK WAHLBERG,37,VAL BOLGER
MANCHURIAN CURTAIN,557,64.85,4.32,2,64,RAY JOHANSSON,125,ALBERT NOLTE
MANNEQUIN WORST,558,23.95,4.79,5,49,ANNE CRONYN,85,MINNIE ZELLWEGER
MARRIED GO,559,98.7,3.29,3,39,GOLDIE BRODY,48,FRANCES DAY-LEWIS
MARS ROMAN,560,32.81,1.73,7,71,ADAM GRANT,143,RIVER DEAN
MASK PEACH,561,63.83,3.75,11,2,NICK WAHLBERG,18,DAN TORN
MASKED BUBBLE,562,25.8,1.29,3,73,GARY PENN,132,ADAM HOPPER
MASSACRE USUAL,563,179.7,5.99,3,100,SPENCER DEPP,147,FAY WINSLET
MASSAGE IMAGE,564,59.88,4.99,9,25,KEVIN BLOOM,26,RIP CRAWFORD
MATRIX SNOWMAN,565,45.91,5.1,3,30,SANDRA PECK,73,GARY PENN
MAUDE MOD,566,11.92,1.49,6,77,CARY MCCONAUGHEY,84,JAMES PITT
MEET CHOCOLATE,567,65.88,5.49,6,11,ZERO CAGE,32,TIM HACKMAN
MEMENTO ZOOLANDER,568,88.87,6.84,6,42,TOM MIRANDA,76,ANGELINA ASTAIRE
MENAGERIE RUSHMORE,569,21.93,3.13,2,36,BURT DUKAKIS,64,RAY JOHANSSON
MERMAID INSECTS,570,99.84,6.24,6,48,FRANCES DAY-LEWIS,87,SPENCER PECK
METAL ARMAGEDDON,571,103.75,4.15,8,5,JOHNNY LOLLOBRIGIDA,13,UMA WOOD
METROPOLIS COMA,572,131.74,5.07,6,37,VAL BOLGER,59,DUSTIN TAUTOU
MICROCOSMOS PARADISE,573,46.87,3.61,6,17,HELEN VOIGHT,53,MENA TEMPLE
MIDNIGHT WESTWARD,574,45.83,2.7,9,28,WOODY HOFFMAN,33,MILLA PECK
MIDSUMMER GROUNDHOG,575,156.78,7.13,2,142,JADA RYDER,196,BELA WALKEN
MIGHTY LUCK,576,38.88,3.24,8,47,JULIA BARRYMORE,53,MENA TEMPLE
MILE MULAN,577,41.87,3.22,3,53,MENA TEMPLE,65,ANGELA HUDSON
MILLION ACE,578,130.8,6.54,5,58,CHRISTIAN AKROYD,81,SCARLETT DAMON
MINDS TRUMAN,579,149.8,7.49,6,49,ANNE CRONYN,75,BURT POSEY
MINE TITANS,580,153.81,8.1,2,166,NICK DEGENERES,184,HUMPHREY GARLAND
MISSION ZOOLANDER,583,126.82,7.05,5,16,FRED COSTNER,25,KEVIN BLOOM
MIXED DOORS,584,15.96,3.99,6,52,CARMEN HUNT,70,MICHELLE MCCONAUGHEY
MOB DUFFEL,585,34.88,2.91,6,24,CAMERON STREEP,31,SISSY SOBIESKI
MOCKINGBIRD HOLLYWOOD,586,59.76,2.49,3,27,JULIA MCQUEEN,90,SEAN GUINESS
MOD SECRETARY,587,61.89,5.63,6,10,CHRISTIAN GABLE,11,ZERO CAGE
MODEL FISH,588,93.85,6.26,8,13,UMA WOOD,37,VAL BOLGER
MODERN DORADO,589,49.85,3.32,5,20,LUCILLE TRACY,35,JUDY DEAN
MONEY HAROLD,590,111.8,5.59,7,29,ALEC WAYNE,36,BURT DUKAKIS
MONSOON CAUSE,591,54.91,6.1,5,44,NICK STALLONE,50,NATALIE HOPKINS
MONSTER SPARTACUS,592,51.85,3.46,7,57,JUDE CRUISE,119,WARREN JACKMAN
MONTEREY LABYRINTH,593,21.87,1.68,6,12,KARL BERRY,27,JULIA MCQUEEN
MONTEZUMA COMMAND,594,11.91,1.32,2,15,CUBA OLIVIER,133,RICHARD PENN
MOONSHINE CABIN,596,141.79,6.75,5,41,JODIE DEGENERES,52,CARMEN HUNT
MOONWALKER FOOL,597,88.87,6.84,7,11,ZERO CAGE,13,UMA WOOD
MOSQUITO ARMAGEDDON,598,25.85,1.72,4,39,GOLDIE BRODY,43,KIRK JOVOVICH
MOTHER OLEANDER,599,69.86,4.99,5,48,FRANCES DAY-LEWIS,78,GROUCHO SINATRA
MOTIONS DETAILS,600,32.85,2.05,8,13,UMA WOOD,22,ELVIS MARX
MOULIN WAKE,601,51.84,3.24,3,67,JESSICA BAILEY,124,SCARLETT BENING
MOURNING PURPLE,602,42.79,2.04,7,58,CHRISTIAN AKROYD,88,KENNETH PESCI
MOVIE SHAKESPEARE,603,145.74,5.4,8,17,HELEN VOIGHT,24,CAMERON STREEP
MULAN MOON,604,36.87,2.84,5,44,NICK STALLONE,76,ANGELINA ASTAIRE
MULHOLLAND BEAST,605,21.93,3.13,6,1,PENELOPE GUINESS,6,BETTE NICHOLSON
MUMMY CREATURES,606,58.84,3.68,13,17,HELEN VOIGHT,25,KEVIN BLOOM
MURDER ANTITRUST,608,84.77,3.69,8,43,KIRK JOVOVICH,66,MARY TANDY
MUSCLE BRIGHT,609,95.7,3.19,5,72,SEAN WILLIAMS,103,MATTHEW LEIGH
MUSIC BOONDOCK,610,22.81,1.2,3,137,MORGAN WILLIAMS,164,HUMPHREY WILLIS
MUSSOLINI SPOILERS,612,15.95,3.19,7,14,VIVIEN BERGEN,18,DAN TORN
MYSTIC TRUMAN,613,19.9,1.99,4,81,SCARLETT DAMON,127,KEVIN GARLAND
NAME DETECTIVE,614,136.77,5.95,3,119,WARREN JACKMAN,128,CATE MCQUEEN
NASH CHOCOLAT,615,64.85,4.32,7,35,JUDY DEAN,65,ANGELA HUDSON
NATIONAL STORY,616,82.81,4.36,7,4,JENNIFER DAVIS,64,RAY JOHANSSON
NATURAL STOCK,617,32.87,2.53,4,74,MILLA KEITEL,101,SUSAN DAVIS
NECKLACE OUTBREAK,618,43.85,2.92,8,3,ED CHASE,7,GRACE MOSTEL
NEIGHBORS CHARADE,619,72.81,3.83,7,28,WOODY HOFFMAN,38,TOM MCKELLEN
NEMO CAMPUS,620,59.86,4.28,5,55,FAY KILMER,88,KENNETH PESCI
NETWORK PEAK,621,133.69,4.31,3,43,KIRK JOVOVICH,50,NATALIE HOPKINS
NEWSIES STORY,622,22.93,3.28,8,80,RALPH CRUZ,99,JIM MOSTEL
NEWTON LABYRINTH,623,47.83,2.81,4,72,SEAN WILLIAMS,86,GREG CHAPLIN
NIGHTMARE CHILL,624,169.75,6.79,2,102,WALTER TORN,134,GENE HOPKINS
NONE SPIKING,625,84.73,3.14,6,28,WOODY HOFFMAN,110,SUSAN DAVIS
NOON PAPI,626,68.83,4.05,6,15,CUBA OLIVIER,74,MILLA KEITEL
NORTH TEQUILA,627,65.89,5.99,5,51,GARY PHOENIX,73,GARY PENN
NORTHWEST POLISH,628,87.8,4.39,8,70,MICHELLE MCCONAUGHEY,79,MAE HOFFMAN
NOTORIOUS REUNION,629,25.86,1.85,2,145,KIM ALLEN,150,JAYNE NOLTE
NOTTING SPEAKEASY,630,13.9,1.39,2,85,MINNIE ZELLWEGER,155,IAN TANDY
NOVOCAINE FLIGHT,631,52.81,2.78,6,12,KARL BERRY,83,BEN WILLIS
NUTS TIES,632,53.91,5.99,2,50,NATALIE HOPKINS,58,CHRISTIAN AKROYD
OCTOBER SUBMARINE,633,63.89,5.81,5,7,GRACE MOSTEL,63,CAMERON WRAY
ODDS BOOGIE,634,23.85,1.59,5,22,ELVIS MARX,79,MAE HOFFMAN
OKLAHOMA JUMANJI,635,5.94,0.99,9,1,PENELOPE GUINESS,4,JENNIFER DAVIS
OLEANDER CLUE,636,29.9,2.99,10,11,ZERO CAGE,23,SANDRA KILMER
OPEN AFRICAN,637,113.79,5.42,9,7,GRACE MOSTEL,27,JULIA MCQUEEN
OPERATION OPERATION,638,87.73,3.25,3,58,CHRISTIAN AKROYD,71,ADAM GRANT
OPPOSITE NECKLACE,639,66.87,5.14,6,61,CHRISTIAN NEESON,103,MATTHEW LEIGH
OPUS ICE,640,65.89,5.99,4,72,SEAN WILLIAMS,129,DARYL CRAWFORD
ORANGE GRAPES,641,67.76,2.82,5,97,MEG HAWKE,118,CUBA ALLEN
ORIENT CLOSER,643,80.83,4.75,4,20,LUCILLE TRACY,81,SCARLETT DAMON
OSCAR GOLD,644,83.75,3.35,6,19,BOB FAWCETT,26,RIP CRAWFORD
OTHERS SOUP,645,79.77,3.47,4,48,FRANCES DAY-LEWIS,50,NATALIE HOPKINS
OUTBREAK DIVINE,646,39.77,1.73,5,29,ALEC WAYNE,64,RAY JOHANSSON
OUTFIELD MASSACRE,647,59.8,2.99,4,116,DAN STREEP,131,JANE JACKMAN
OUTLAW HANKY,648,73.86,5.28,7,22,ELVIS MARX,39,GOLDIE BRODY
OZ LIAISONS,649,95.76,3.99,11,23,SANDRA KILMER,54,PENELOPE PINKETT
PACIFIC AMISTAD,650,62.76,2.62,8,5,JOHNNY LOLLOBRIGIDA,9,JOE SWANK
PAJAMA JAWBREAKER,652,39.86,2.85,5,20,LUCILLE TRACY,28,WOODY HOFFMAN
PANIC CLUB,653,51.93,7.42,3,24,CAMERON STREEP,116,DAN STREEP
PANKY SUBMARINE,654,110.85,7.39,8,68,RIP WINSLET,70,MICHELLE MCCONAUGHEY
PANTHER REDS,655,88.85,5.92,5,83,BEN WILLIS,101,SUSAN DAVIS
PAPI NECKLACE,656,28.92,3.62,3,97,MEG HAWKE,113,MORGAN HOPKINS
PARADISE SABRINA,657,79.82,4.43,4,41,JODIE DEGENERES,104,PENELOPE CRONYN
PARIS WEEKEND,658,46.86,3.35,6,54,PENELOPE PINKETT,60,HENRY BERRY
PARK CITIZEN,659,60.92,7.62,6,106,GROUCHO DUNST,120,PENELOPE MONROE
PARTY KNOCK,660,44.87,3.45,2,143,RIVER DEAN,160,CHRIS DEPP
PAST SUICIDES,661,72.87,5.61,6,96,GENE WILLIS,115,HARRISON BALE
PATHS CONTROL,662,81.9,8.19,5,37,VAL BOLGER,49,ANNE CRONYN
PATIENT SISTER,663,24.81,1.31,4,20,LUCILLE TRACY,37,VAL BOLGER
PATRIOT ROMAN,664,55.84,3.49,4,52,CARMEN HUNT,125,ALBERT NOLTE
PATTON INTERVIEW,665,102.77,4.47,9,5,JOHNNY LOLLOBRIGIDA,42,TOM MIRANDA
PAYCHECK WAIT,666,101.84,6.37,3,73,GARY PENN,112,RUSSELL BACALL
PEACH INNOCENT,667,84.85,6.06,5,32,TIM HACKMAN,33,MILLA PECK
PEAK FOREVER,668,105.8,5.29,5,34,AUDREY OLIVIER,88,KENNETH PESCI
PELICAN COMFORTS,670,188.74,7.26,5,19,BOB FAWCETT,47,JULIA BARRYMORE
PERFECT GROOVE,672,57.83,3.4,6,12,KARL BERRY,50,NATALIE HOPKINS
PERSONAL LADYBUGS,673,49.86,3.56,9,19,BOB FAWCETT,23,SANDRA KILMER
PET HAUNTING,674,26.92,3.37,7,41,JODIE DEGENERES,78,GROUCHO SINATRA
PHANTOM GLORY,675,21.94,3.66,2,52,CARMEN HUNT,106,GROUCHO DUNST
PHILADELPHIA WIFE,676,118.78,5.16,2,66,MARY TANDY,90,SEAN GUINESS
PIANIST OUTFIELD,677,38.78,1.85,5,104,PENELOPE CRONYN,174,MICHAEL BENING
PICKUP DRIVING,678,98.84,6.18,5,41,JODIE DEGENERES,51,GARY PHOENIX
PILOT HOOSIERS,679,57.84,3.62,7,27,JULIA MCQUEEN,28,WOODY HOFFMAN
PINOCCHIO SIMON,680,133.8,6.69,11,21,KIRSTEN PALTROW,45,REESE KILMER
PITTSBURGH HUNCHBACK,682,88.88,7.41,5,26,RIP CRAWFORD,27,JULIA MCQUEEN
PITY BOUND,683,153.74,5.91,5,39,GOLDIE BRODY,65,ANGELA HUDSON
PIZZA JUMANJI,684,28.93,4.13,5,129,DARYL CRAWFORD,161,HARVEY HOPE
PLATOON INSTINCT,685,45.91,5.1,5,3,ED CHASE,57,JUDE CRUISE
PLUTO OLEANDER,686,88.84,5.55,7,21,KIRSTEN PALTROW,83,BEN WILLIS
POCUS PULP,687,43.74,1.68,5,5,JOHNNY LOLLOBRIGIDA,42,TOM MIRANDA
POLISH BROOKLYN,688,24.82,1.38,10,14,VIVIEN BERGEN,22,ELVIS MARX
POLLOCK DELIVERANCE,689,69.81,3.88,6,39,GOLDIE BRODY,52,CARMEN HUNT
POND SEATTLE,690,64.81,3.41,3,95,DARYL WAHLBERG,134,GENE HOPKINS
POSEIDON FOREVER,691,100.83,5.93,6,4,JENNIFER DAVIS,7,GRACE MOSTEL
POTLUCK MIXED,692,49.89,4.54,6,6,BETTE NICHOLSON,81,SCARLETT DAMON
POTTER CONNECTICUT,693,72.83,4.28,7,108,WARREN NOLTE,119,WARREN JACKMAN
PREJUDICE OLEANDER,694,115.8,5.79,10,10,CHRISTIAN GABLE,33,MILLA PECK
PRESIDENT BANG,695,40.93,5.85,5,27,JULIA MCQUEEN,118,CUBA ALLEN
PRIDE ALAMO,696,18.84,1.18,4,39,GOLDIE BRODY,108,WARREN NOLTE
PRIMARY GLASS,697,36.73,1.36,7,9,JOE SWANK,25,KEVIN BLOOM
PRINCESS GIANT,698,142.74,5.29,5,58,CHRISTIAN AKROYD,132,ADAM HOPPER
PRIVATE DROP,699,26.95,5.39,5,44,NICK STALLONE,92,KIRSTEN AKROYD
PRIX UNDEFEATED,700,42.89,3.9,7,21,KIRSTEN PALTROW,31,SISSY SOBIESKI
PULP BEVERLY,702,136.7,4.56,7,21,KIRSTEN PALTROW,59,DUSTIN TAUTOU
PUNK DIVORCE,703,46.92,5.87,7,10,CHRISTIAN GABLE,39,GOLDIE BRODY
PURE RUNNER,704,92.84,5.8,2,24,CAMERON STREEP,74,MILLA KEITEL
PURPLE MOVIE,705,55.87,4.3,8,38,TOM MCKELLEN,48,FRANCES DAY-LEWIS
QUEEN LUKE,706,136.78,6.22,6,66,MARY TANDY,68,RIP WINSLET
QUEST MUSSOLINI,707,77.8,3.89,5,35,JUDY DEAN,57,JUDE CRUISE
QUILLS BULL,708,100.84,6.3,4,147,FAY WINSLET,178,LISA MONROE
RACER EGG,709,57.82,3.21,6,11,ZERO CAGE,49,ANNE CRONYN
RAGE GAMES,710,119.81,6.31,7,81,SCARLETT DAMON,98,CHRIS BRIDGES
RAGING AIRPLANE,711,84.87,6.53,3,19,BOB FAWCETT,85,MINNIE ZELLWEGER
RANDOM GO,714,31.91,3.55,13,4,JENNIFER DAVIS,20,LUCILLE TRACY
RANGE MOONWALKER,715,179.73,6.66,4,26,RIP CRAWFORD,36,BURT DUKAKIS
REAP UNFAITHFUL,716,62.84,3.93,4,10,CHRISTIAN GABLE,12,KARL BERRY
REAR TRADING,717,32.83,1.93,8,16,FRED COSTNER,18,DAN TORN
REBEL AIRPORT,718,7.92,0.99,6,13,UMA WOOD,72,SEAN WILLIAMS
RECORDS ZORRO,719,43.92,5.49,8,62,JAYNE NEESON,83,BEN WILLIS
REDEMPTION COMFORTS,720,113.8,5.69,5,34,AUDREY OLIVIER,69,KENNETH PALTROW
REDS POCUS,721,52.91,5.88,5,4,JENNIFER DAVIS,41,JODIE DEGENERES
REEF SALUTE,722,23.89,2.17,4,9,JOE SWANK,69,KENNETH PALTROW
REIGN GENTLEMEN,723,110.8,5.54,3,29,ALEC WAYNE,40,JOHNNY CAGE
REMEMBER DIARY,724,73.82,4.1,4,41,JODIE DEGENERES,94,KENNETH TORN
REQUIEM TYCOON,725,110.81,5.83,8,49,ANNE CRONYN,53,MENA TEMPLE
RESERVOIR ADAPTATION,726,34.9,3.49,8,58,CHRISTIAN AKROYD,67,JESSICA BAILEY
RESURRECTION SILVERADO,727,26.79,1.28,5,53,MENA TEMPLE,79,MAE HOFFMAN
REUNION WITCHES,728,53.8,2.69,7,12,KARL BERRY,56,DAN HARRIS
RIDER CADDYSHACK,729,48.89,4.44,9,13,UMA WOOD,49,ANNE CRONYN
RIDGEMONT SUBMARINE,730,130.68,4.08,5,5,JOHNNY LOLLOBRIGIDA,123,JULIANNE DENCH
RIGHT CRANES,731,52.9,5.29,7,22,ELVIS MARX,36,BURT DUKAKIS
RINGS HEARTBREAKERS,732,34.85,2.32,11,5,JOHNNY LOLLOBRIGIDA,26,RIP CRAWFORD
RIVER OUTLAW,733,57.81,2.89,4,21,KIRSTEN PALTROW,51,GARY PHOENIX
ROAD ROXANNE,734,130.81,6.88,8,17,HELEN VOIGHT,21,KIRSTEN PALTROW
ROBBERS JOON,735,105.69,3.41,5,33,MILLA PECK,65,ANGELA HUDSON
ROBBERY BRIGHT,736,39.87,3.07,2,39,GOLDIE BRODY,140,WHOOPI HURT
ROCK INSTINCT,737,48.83,2.87,8,33,MILLA PECK,40,JOHNNY CAGE
ROCKETEER MOTHER,738,116.67,3.54,7,35,JUDY DEAN,42,TOM MIRANDA
ROCKY WAR,739,107.84,6.74,3,31,SISSY SOBIESKI,104,PENELOPE CRONYN
ROLLERCOASTER BRINGING,740,45.9,4.59,3,115,HARRISON BALE,141,CATE HARRIS
ROMAN PUNK,741,29.76,1.24,2,99,JIM MOSTEL,108,WARREN NOLTE
ROOM ROMAN,743,29.8,1.49,2,28,WOODY HOFFMAN,72,SEAN WILLIAMS
ROOTS REMEMBER,744,42.83,2.52,10,40,JOHNNY CAGE,75,BURT POSEY
ROSES TREASURE,745,171.72,6.13,5,15,CUBA OLIVIER,137,MORGAN WILLIAMS
ROUGE SQUAD,746,53.82,2.99,4,120,PENELOPE MONROE,139,EWAN GOODING
ROXANNE REBEL,747,33.81,1.78,5,40,JOHNNY CAGE,68,RIP WINSLET
RUGRATS SHAKESPEARE,748,70.7,2.36,6,35,JUDY DEAN,73,GARY PENN
RULES HUMAN,749,101.84,6.37,5,1,PENELOPE GUINESS,59,DUSTIN TAUTOU
RUN PACIFIC,750,44.9,4.49,6,19,BOB FAWCETT,51,GARY PHOENIX
RUNAWAY TENENBAUMS,751,12.92,1.62,3,44,NICK STALLONE,119,WARREN JACKMAN
RUNNER MADIGAN,752,14.92,1.87,8,8,MATTHEW JOHANSSON,9,JOE SWANK
RUSH GOODFELLAS,753,88.69,2.86,5,43,KIRK JOVOVICH,79,MAE HOFFMAN
RUSHMORE MERMAID,754,18.94,3.16,7,2,NICK WAHLBERG,33,MILLA PECK
SABRINA MIDNIGHT,755,126.79,6.04,4,25,KEVIN BLOOM,58,CHRISTIAN AKROYD
SADDLE ANTITRUST,756,42.86,3.06,3,19,BOB FAWCETT,132,ADAM HOPPER
SAGEBRUSH CLUELESS,757,91.84,5.74,7,20,LUCILLE TRACY,48,FRANCES DAY-LEWIS
SAINTS BRIDE,758,31.92,3.99,10,7,GRACE MOSTEL,16,FRED COSTNER
SALUTE APOLLO,759,106.77,4.64,4,14,VIVIEN BERGEN,100,SPENCER DEPP
SAMURAI LION,760,108.75,4.35,2,76,ANGELINA ASTAIRE,86,GREG CHAPLIN
SANTA PARIS,761,33.89,3.08,6,69,KENNETH PALTROW,81,SCARLETT DAMON
SASSY PACKER,762,15.87,1.22,3,78,GROUCHO SINATRA,144,ANGELA WITHERSPOON
SATISFACTION CONFIDENTIAL,763,129.83,7.64,5,63,CAMERON WRAY,106,GROUCHO DUNST
SATURDAY LAMBS,764,204.72,7.31,9,14,VIVIEN BERGEN,26,RIP CRAWFORD
SATURN NAME,765,70.87,5.45,2,76,ANGELINA ASTAIRE,98,CHRIS BRIDGES
SAVANNAH TOWN,766,28.88,2.41,6,7,GRACE MOSTEL,23,SANDRA KILMER
SCALAWAG DUCK,767,172.68,5.4,5,45,REESE KILMER,57,JUDE CRUISE
SCARFACE BANG,768,120.82,6.71,7,46,PARKER GOLDBERG,93,ELLEN PRESLEY
SCHOOL JACKET,769,35.94,5.99,8,8,MATTHEW JOHANSSON,56,DAN HARRIS
SCISSORHANDS SLUMS,770,53.85,3.59,5,7,GRACE MOSTEL,17,HELEN VOIGHT
SCORPION APOLLO,771,168.77,7.34,8,8,MATTHEW JOHANSSON,19,BOB FAWCETT
SEA VIRGIN,772,97.78,4.44,8,39,GOLDIE BRODY,59,DUSTIN TAUTOU
SEABISCUIT PUNK,773,95.74,3.68,3,71,ADAM GRANT,72,SEAN WILLIAMS
SEARCHERS WAIT,774,75.86,5.42,4,101,SUSAN DAVIS,107,GINA DEGENERES
SEATTLE EXPECATIONS,775,163.75,6.82,6,22,ELVIS MARX,33,MILLA PECK
SECRET GROUNDHOG,776,116.79,5.56,3,55,FAY KILMER,79,MAE HOFFMAN
SECRETARY ROUGE,777,112.82,6.27,6,47,JULIA BARRYMORE,83,BEN WILLIS
SECRETS PARADISE,778,152.8,7.64,6,45,REESE KILMER,96,GENE WILLIS
SENSE GREEK,779,47.93,6.85,7,16,FRED COSTNER,34,AUDREY OLIVIER
SENSIBILITY REAR,780,52.9,5.29,6,61,CHRISTIAN NEESON,74,MILLA KEITEL
SEVEN SWARM,781,30.95,6.19,7,24,CAMERON STREEP,56,DAN HARRIS
SHAKESPEARE SADDLE,782,82.78,3.76,6,10,CHRISTIAN GABLE,23,SANDRA KILMER
SHANE DARKNESS,783,55.86,3.99,3,15,CUBA OLIVIER,60,HENRY BERRY
SHANGHAI TYCOON,784,43.86,3.13,8,20,LUCILLE TRACY,41,JODIE DEGENERES
SHAWSHANK BUBBLE,785,109.81,5.78,10,19,BOB FAWCETT,37,VAL BOLGER
SHEPHERD MIDSUMMER,786,32.75,1.31,5,109,SYLVESTER DERN,119,WARREN JACKMAN
SHINING ROSES,787,22.92,2.87,5,47,JULIA BARRYMORE,82,WOODY JOLIE
SHIP WONDERLAND,788,47.85,3.19,8,34,AUDREY OLIVIER,79,MAE HOFFMAN
SHOOTIST SUPERFLY,790,37.76,1.57,3,28,WOODY HOFFMAN,47,JULIA BARRYMORE
SHOW LORD,791,170.75,6.83,2,69,KENNETH PALTROW,127,KEVIN GARLAND
SHREK LICENSE,792,46.85,3.12,3,48,FRANCES DAY-LEWIS,143,RIVER DEAN
SHRUNK DIVINE,793,52.86,3.78,4,28,WOODY HOFFMAN,31,SISSY SOBIESKI
SIDE ARK,794,29.88,2.49,6,17,HELEN VOIGHT,34,AUDREY OLIVIER
SIEGE MADRE,795,17.85,1.19,7,15,CUBA OLIVIER,26,RIP CRAWFORD
SIERRA DIVIDE,796,57.85,3.86,5,99,JIM MOSTEL,102,WALTER TORN
SILENCE KANE,797,16.84,1.05,4,30,SANDRA PECK,45,REESE KILMER
SILVERADO GOLDFINGER,798,91.88,7.66,5,4,JENNIFER DAVIS,21,KIRSTEN PALTROW
SIMON NORTH,799,18.94,3.16,3,40,JOHNNY CAGE,41,JODIE DEGENERES
SINNERS ATLANTIS,800,73.78,3.35,4,17,HELEN VOIGHT,58,CHRISTIAN AKROYD
SLEEPING SUSPECTS,804,131.76,5.49,4,21,KIRSTEN PALTROW,23,SANDRA KILMER
SLEEPLESS MONSOON,805,121.8,6.09,4,7,GRACE MOSTEL,27,JULIA MCQUEEN
SLEEPY JAPANESE,806,92.8,4.42,6,7,GRACE MOSTEL,132,ADAM HOPPER
SLEUTH ORIENT,807,53.79,2.56,7,80,RALPH CRUZ,91,CHRISTOPHER BERRY
SLING LUKE,808,14.94,2.49,3,18,DAN TORN,86,GREG CHAPLIN
SLIPPER FIDELITY,809,30.84,1.93,7,63,CAMERON WRAY,84,JAMES PITT
SLUMS DUCK,810,55.76,2.32,3,45,REESE KILMER,102,WALTER TORN
SMILE EARRING,811,58.9,5.89,8,2,NICK WAHLBERG,5,JOHNNY LOLLOBRIGIDA
SMOKING BARBARELLA,812,18.83,1.05,6,12,KARL BERRY,29,ALEC WAYNE
SMOOCHY CONTROL,813,14.88,1.24,2,95,DARYL WAHLBERG,195,JAYNE SILVERSTONE
SNATCH SLIPPER,814,127.78,5.81,3,124,SCARLETT BENING,128,CATE MCQUEEN
SNATCHERS MONTEZUMA,815,37.91,4.21,9,9,JOE SWANK,32,TIM HACKMAN
SNOWMAN ROLLERCOASTER,816,72.77,3.16,3,13,UMA WOOD,28,WOODY HOFFMAN
SOLDIERS EVOLUTION,817,41.92,5.24,9,5,JOHNNY LOLLOBRIGIDA,13,UMA WOOD
SOMETHING DUCK,818,127.81,6.73,3,136,ED MANSFIELD,159,LAURA BRODY
SONG HEDWIG,819,34.89,3.17,5,88,KENNETH PESCI,127,KEVIN GARLAND
SONS INTERVIEW,820,79.84,5.32,6,23,SANDRA KILMER,46,PARKER GOLDBERG
SORORITY QUEEN,821,19.88,1.66,4,26,RIP CRAWFORD,141,CATE HARRIS
SOUP WISDOM,822,12.92,1.62,2,103,MATTHEW LEIGH,145,KIM ALLEN
SOUTH WAIT,823,107.78,4.9,2,70,MICHELLE MCCONAUGHEY,73,GARY PENN
SPARTACUS CHEAPER,824,60.91,6.77,3,98,CHRIS BRIDGES,158,VIVIEN BASINGER
SPEAKEASY DATE,825,45.88,3.82,3,44,NICK STALLONE,92,KIRSTEN AKROYD
SPEED SUIT,826,49.91,5.55,6,6,BETTE NICHOLSON,23,SANDRA KILMER
SPICE SORORITY,827,115.8,5.79,11,3,ED CHASE,28,WOODY HOFFMAN
SPIKING ELEMENT,828,41.87,3.22,6,95,DARYL WAHLBERG,101,SUSAN DAVIS
SPINAL ROCKY,829,39.87,3.07,8,24,CAMERON STREEP,46,PARKER GOLDBERG
SPIRIT FLINTSTONES,830,15.85,1.06,11,27,JULIA MCQUEEN,46,PARKER GOLDBERG
SPIRITED CASUALTIES,831,19.89,1.81,5,39,GOLDIE BRODY,61,CHRISTIAN NEESON
SPLASH GUMP,832,33.86,2.42,10,1,PENELOPE GUINESS,4,JENNIFER DAVIS
SPLENDOR PATTON,833,40.79,1.94,10,13,UMA WOOD,23,SANDRA KILMER
SPOILERS HELLFIGHTERS,834,20.9,2.09,7,68,RIP WINSLET,70,MICHELLE MCCONAUGHEY
SPY MILE,835,94.73,3.51,8,28,WOODY HOFFMAN,40,JOHNNY CAGE
SQUAD FISH,836,27.93,3.99,5,34,AUDREY OLIVIER,46,PARKER GOLDBERG
STAGE WORLD,837,46.9,4.69,2,102,WALTER TORN,196,BELA WALKEN
STAGECOACH ARMAGEDDON,838,154.74,5.95,6,12,KARL BERRY,30,SANDRA PECK
STALLION SUNDANCE,839,8.93,1.28,7,37,VAL BOLGER,38,TOM MCKELLEN
STAMPEDE DISTURBING,840,32.86,2.35,6,37,VAL BOLGER,50,NATALIE HOPKINS
STAR OPERATION,841,86.79,4.13,5,5,JOHNNY LOLLOBRIGIDA,101,SUSAN DAVIS
STATE WASTELAND,842,61.88,4.76,7,18,DAN TORN,23,SANDRA KILMER
STEEL SANTA,843,141.77,6.16,3,13,UMA WOOD,84,JAMES PITT
STEERS ARMAGEDDON,844,85.85,5.72,4,56,DAN HARRIS,116,DAN STREEP
STEPMOM DREAM,845,104.8,5.24,4,102,WALTER TORN,144,ANGELA WITHERSPOON
STING PERSONAL,846,159.79,7.61,7,7,GRACE MOSTEL,34,AUDREY OLIVIER
STOCK GLASS,847,45.86,3.28,7,14,VIVIEN BERGEN,51,GARY PHOENIX
STORM HAPPINESS,849,46.71,1.61,8,91,CHRISTOPHER BERRY,107,GINA DEGENERES
STORY SIDE,850,39.72,1.42,5,11,ZERO CAGE,76,ANGELINA ASTAIRE
STRAIGHT HOURS,851,57.8,2.89,3,56,DAN HARRIS,164,HUMPHREY WILLIS
STRANGELOVE DESIRE,852,86.76,3.62,9,57,JUDE CRUISE,64,RAY JOHANSSON
STRANGER STRANGERS,853,75.89,6.9,9,17,HELEN VOIGHT,23,SANDRA KILMER
STRANGERS GRAFFITI,854,123.83,7.28,5,11,ZERO CAGE,27,JULIA MCQUEEN
STREAK RIDGEMONT,855,24.84,1.55,3,23,SANDRA KILMER,90,SEAN GUINESS
STREETCAR INTENTIONS,856,148.75,5.95,7,14,VIVIEN BERGEN,23,SANDRA KILMER
STRICTLY SCARFACE,857,113.77,4.95,4,86,GREG CHAPLIN,129,DARYL CRAWFORD
SUBMARINE BED,858,88.85,5.92,11,4,JENNIFER DAVIS,54,PENELOPE PINKETT
SUGAR WONKA,859,105.83,6.23,5,8,MATTHEW JOHANSSON,91,CHRISTOPHER BERRY
SUIT WALLS,861,147.79,7.04,5,42,TOM MIRANDA,54,PENELOPE PINKETT
SUMMER SCARFACE,862,34.84,2.18,8,29,ALEC WAYNE,56,DAN HARRIS
SUN CONFESSIONS,863,53.75,2.15,5,18,DAN TORN,20,LUCILLE TRACY
SUNDANCE INVASION,864,41.81,2.2,7,69,KENNETH PALTROW,89,CHARLIZE DENCH
SUNRISE LEAGUE,865,170.76,7.12,5,5,JOHNNY LOLLOBRIGIDA,9,JOE SWANK
SUNSET RACER,866,12.92,1.62,3,76,ANGELINA ASTAIRE,106,GROUCHO DUNST
SUPER WYOMING,867,86.87,6.68,3,42,TOM MIRANDA,166,NICK DEGENERES
SUPERFLY TRIP,868,17.9,1.79,7,40,JOHNNY CAGE,56,DAN HARRIS
SUSPECTS QUILLS,869,133.7,4.46,8,40,JOHNNY CAGE,70,MICHELLE MCCONAUGHEY
SWARM GOLD,870,71.73,2.66,6,67,JESSICA BAILEY,75,BURT POSEY
SWEDEN SHINING,871,111.81,6.21,5,12,KARL BERRY,25,KEVIN BLOOM
SWEET BROTHERHOOD,872,81.85,5.46,6,74,MILLA KEITEL,100,SPENCER DEPP
SWEETHEARTS SUSPECTS,873,98.71,3.4,5,9,JOE SWANK,17,HELEN VOIGHT
TALENTED HOMICIDE,875,39.71,1.37,5,36,BURT DUKAKIS,44,NICK STALLONE
TARZAN VIDEOTAPE,876,40.92,5.12,3,38,TOM MCKELLEN,42,TOM MIRANDA
TAXI KICK,877,34.83,2.05,6,19,BOB FAWCETT,69,KENNETH PALTROW
TEEN APOLLO,878,127.83,7.52,5,33,MILLA PECK,44,NICK STALLONE
TELEGRAPH VOYAGE,879,231.73,8.58,7,28,WOODY HOFFMAN,52,CARMEN HUNT
TELEMARK HEARTBREAKERS,880,91.75,3.67,11,12,KARL BERRY,17,HELEN VOIGHT
TEMPLE ATTRACTION,881,70.88,5.91,5,33,MILLA PECK,88,KENNETH PESCI
TENENBAUMS COMMAND,882,20.87,1.61,5,124,SCARLETT BENING,133,RICHARD PENN
TEQUILA PAST,883,32.94,5.49,3,18,DAN TORN,44,NICK STALLONE
TERMINATOR CLUB,884,39.94,6.66,2,121,LIZA BERGMAN,164,HUMPHREY WILLIS
TEXAS WATCH,885,5.94,0.99,6,26,RIP CRAWFORD,109,SYLVESTER DERN
THEORY MERMAID,886,30.88,2.81,6,15,CUBA OLIVIER,16,FRED COSTNER
THIEF PELICAN,887,117.81,6.2,7,21,KIRSTEN PALTROW,40,JOHNNY CAGE
THIN SAGEBRUSH,888,73.89,6.72,2,11,ZERO CAGE,80,RALPH CRUZ
TIES HUNGER,889,80.89,7.35,6,9,JOE SWANK,27,JULIA MCQUEEN
TIGHTS DAWN,890,60.74,2.34,5,14,VIVIEN BERGEN,42,TOM MIRANDA
TIMBERLAND SKY,891,123.69,3.99,4,51,GARY PHOENIX,57,JUDE CRUISE
TITANIC BOONDOCK,892,154.77,6.73,12,6,BETTE NICHOLSON,56,DAN HARRIS
TITANS JERK,893,201.71,6.96,7,21,KIRSTEN PALTROW,56,DAN HARRIS
TOMATOES HELLFIGHTERS,894,19.86,1.42,9,41,JODIE DEGENERES,106,GROUCHO DUNST
TOMORROW HUSTLER,895,110.75,4.43,6,8,MATTHEW JOHANSSON,45,REESE KILMER
TOOTSIE PILOT,896,39.85,2.66,5,11,ZERO CAGE,44,NICK STALLONE
TORQUE BOUND,897,198.72,7.36,5,13,UMA WOOD,50,NATALIE HOPKINS
TOURIST PELICAN,898,141.78,6.44,3,120,PENELOPE MONROE,152,BEN HARRIS
TOWERS HURRICANE,899,12.89,1.17,4,128,CATE MCQUEEN,132,ADAM HOPPER
TOWN ARK,900,49.86,3.56,4,7,GRACE MOSTEL,37,VAL BOLGER
TRACY CIDER,901,85.74,3.3,3,7,GRACE MOSTEL,45,REESE KILMER
TRADING PINOCCHIO,902,147.75,5.91,3,6,BETTE NICHOLSON,44,NICK STALLONE
TRAFFIC HOBBIT,903,24.95,4.99,4,9,JOE SWANK,95,DARYL WAHLBERG
TRAIN BUNCH,904,24.96,6.24,4,26,RIP CRAWFORD,27,JULIA MCQUEEN
TRAINSPOTTING STRANGERS,905,58.89,5.35,4,86,GREG CHAPLIN,107,GINA DEGENERES
TRAMP OTHERS,906,47.8,2.39,6,26,RIP CRAWFORD,105,SIDNEY CROWE
TRANSLATION SUMMER,907,33.85,2.26,3,42,TOM MIRANDA,159,LAURA BRODY
TRAP GUYS,908,126.84,7.93,7,14,VIVIEN BERGEN,28,WOODY HOFFMAN
TREATMENT JEKYLL,910,12.93,1.85,5,7,GRACE MOSTEL,81,SCARLETT DAMON
TRIP NEWTON,911,145.72,5.2,4,82,WOODY JOLIE,120,PENELOPE MONROE
TROJAN TOMORROW,912,81.8,4.31,8,22,ELVIS MARX,41,JODIE DEGENERES
TROOPERS METAL,913,46.86,3.35,5,47,JULIA BARRYMORE,54,PENELOPE PINKETT
TROUBLE DATE,914,79.78,3.47,8,10,CHRISTIAN GABLE,25,KEVIN BLOOM
TRUMAN CRAZY,915,121.77,5.29,6,36,BURT DUKAKIS,52,CARMEN HUNT
TURN STAR,916,70.86,5.06,3,79,MAE HOFFMAN,93,ELLEN PRESLEY
TUXEDO MILE,917,76.87,5.91,3,18,DAN TORN,43,KIRK JOVOVICH
TWISTED PIRATES,918,66.89,6.08,3,50,NATALIE HOPKINS,57,JUDE CRUISE
TYCOON GATHERING,919,103.88,8.66,6,14,VIVIEN BERGEN,100,SPENCER DEPP
UNBREAKABLE KARATE,920,82.79,3.94,8,21,KIRSTEN PALTROW,39,GOLDIE BRODY
UNCUT SUICIDES,921,45.86,3.28,7,64,RAY JOHANSSON,113,MORGAN HOPKINS
UNDEFEATED DALMATIONS,922,114.79,5.47,3,42,TOM MIRANDA,48,FRANCES DAY-LEWIS
UNFAITHFUL KILL,923,26.92,3.37,8,47,JULIA BARRYMORE,86,GREG CHAPLIN
UNFORGIVEN ZOOLANDER,924,25.82,1.43,7,4,JENNIFER DAVIS,15,CUBA OLIVIER
UNITED PILOT,925,55.83,3.28,6,37,VAL BOLGER,45,REESE KILMER
UNTOUCHABLES SUNRISE,926,35.92,4.49,5,9,JOE SWANK,48,FRANCES DAY-LEWIS
UPRISING UPTOWN,927,60.84,3.8,5,49,ANNE CRONYN,134,GENE HOPKINS
UPTOWN YOUNG,928,38.88,3.24,7,11,ZERO CAGE,29,ALEC WAYNE
USUAL UNTOUCHABLES,929,70.87,5.45,5,10,CHRISTIAN GABLE,34,AUDREY OLIVIER
VACATION BOONDOCK,930,96.79,4.61,6,10,CHRISTIAN GABLE,55,FAY KILMER
VALENTINE VANISHING,931,16.88,1.41,2,36,BURT DUKAKIS,179,ED GUINESS
VALLEY PACKER,932,58.85,3.92,4,42,TOM MIRANDA,63,CAMERON WRAY
VAMPIRE WHALE,933,79.88,6.66,5,40,JOHNNY CAGE,97,MEG HAWKE
VANILLA DAY,934,52.91,5.88,2,106,GROUCHO DUNST,140,WHOOPI HURT
VANISHED GARDEN,935,14.94,2.13,2,23,SANDRA KILMER,76,ANGELINA ASTAIRE
VANISHING ROCKY,936,87.82,4.88,5,8,MATTHEW JOHANSSON,56,DAN HARRIS
VARSITY TRIP,937,48.84,3.05,3,44,NICK STALLONE,53,MENA TEMPLE
VELVET TERMINATOR,938,177.74,6.84,9,11,ZERO CAGE,40,JOHNNY CAGE
VERTIGO NORTHWEST,939,37.92,4.74,4,1,PENELOPE GUINESS,116,DAN STREEP
VICTORY ACADEMY,940,12.91,1.43,5,51,GARY PHOENIX,88,KENNETH PESCI
VIDEOTAPE ARSENIC,941,178.71,6.16,5,80,RALPH CRUZ,91,CHRISTOPHER BERRY
VIETNAM SMOOCHY,942,22.85,1.52,2,41,JODIE DEGENERES,103,MATTHEW LEIGH
VIRGIN DAISY,944,93.83,5.52,8,18,DAN TORN,29,ALEC WAYNE
VIRGINIAN PLUTO,945,51.71,1.78,8,12,KARL BERRY,30,SANDRA PECK
VIRTUAL SPOILERS,946,117.86,8.42,3,59,DUSTIN TAUTOU,73,GARY PENN
VISION TORQUE,947,15.93,2.28,5,53,MENA TEMPLE,97,MEG HAWKE
VOICE PEACH,948,33.81,1.78,3,14,VIVIEN BERGEN,17,HELEN VOIGHT
VOLCANO TEXAS,949,36.78,1.67,5,15,CUBA OLIVIER,125,ALBERT NOLTE
VOYAGE LEGALLY,951,48.72,1.74,5,52,CARMEN HUNT,62,JAYNE NEESON
WAGON JAWS,952,38.9,3.89,6,44,NICK STALLONE,60,HENRY BERRY
WAIT CIDER,953,83.79,3.99,9,28,WOODY HOFFMAN,70,MICHELLE MCCONAUGHEY
WANDA CHAMBER,956,86.84,5.43,7,36,BURT DUKAKIS,71,ADAM GRANT
WAR NOTTING,957,65.88,5.49,9,7,GRACE MOSTEL,17,HELEN VOIGHT
WARDROBE PHANTOM,958,93.73,3.47,8,2,NICK WAHLBERG,43,KIRK JOVOVICH
WARLOCK WEREWOLF,959,21.94,3.66,6,7,GRACE MOSTEL,17,HELEN VOIGHT
WARS PLUTO,960,42.9,4.29,4,66,MARY TANDY,85,MINNIE ZELLWEGER
WASH HEAVENLY,961,119.77,5.21,5,53,MENA TEMPLE,87,SPENCER PECK
WASTELAND DIVINE,962,49.85,3.32,6,20,LUCILLE TRACY,111,CAMERON ZELLWEGER
WATCH TRACY,963,34.84,2.18,5,37,VAL BOLGER,55,FAY KILMER
WATERFRONT DELIVERANCE,964,121.83,7.17,6,9,JOE SWANK,10,CHRISTIAN GABLE
WATERSHIP FRONTIER,965,13.94,2.32,6,33,MILLA PECK,56,DAN HARRIS
WEDDING APOLLO,966,81.76,3.41,10,3,ED CHASE,10,CHRISTIAN GABLE
WEEKEND PERSONAL,967,74.82,4.16,10,3,ED CHASE,16,FRED COSTNER
WEREWOLF LOLA,968,78.86,5.63,7,15,CUBA OLIVIER,78,GROUCHO SINATRA
WEST LION,969,104.84,6.55,9,11,ZERO CAGE,24,CAMERON STREEP
WESTWARD SEABISCUIT,970,37.74,1.45,6,1,PENELOPE GUINESS,14,VIVIEN BERGEN
WHALE BIKINI,971,134.82,7.49,5,3,ED CHASE,34,AUDREY OLIVIER
WHISPERER GIANT,972,151.78,6.9,3,33,MILLA PECK,67,JESSICA BAILEY
WIFE TURN,973,223.69,7.22,6,28,WOODY HOFFMAN,47,JULIA BARRYMORE
WILD APOLLO,974,15.94,2.66,4,9,JOE SWANK,51,GARY PHOENIX
WILLOW TRACY,975,58.84,3.68,2,45,REESE KILMER,84,JAMES PITT
WIND PHANTOM,976,38.77,1.69,3,89,CHARLIZE DENCH,179,ED GUINESS
WINDOW SIDE,977,59.88,4.99,4,20,LUCILLE TRACY,49,ANNE CRONYN
WISDOM WORKER,978,29.91,3.32,7,31,SISSY SOBIESKI,45,REESE KILMER
WITCHES PANIC,979,173.7,5.79,4,80,RALPH CRUZ,100,SPENCER DEPP
WIZARD COLDBLOODED,980,97.84,6.12,9,1,PENELOPE GUINESS,10,CHRISTIAN GABLE
WOLVES DESIRE,981,24.79,1.18,6,23,SANDRA KILMER,62,JAYNE NEESON
WOMEN DORADO,982,44.78,1.95,5,44,NICK STALLONE,91,CHRISTOPHER BERRY
WON DARES,983,28.91,3.21,5,10,CHRISTIAN GABLE,21,KIRSTEN PALTROW
WONDERFUL DROP,984,55.91,6.21,4,59,DUSTIN TAUTOU,101,SUSAN DAVIS
WONDERLAND CHRISTMAS,985,148.78,6.76,5,15,CUBA OLIVIER,82,WOODY JOLIE
WONKA SEA,986,66.82,3.71,2,27,JULIA MCQUEEN,60,HENRY BERRY
WORDS HUNTER,987,82.84,5.18,6,96,GENE WILLIS,110,SUSAN DAVIS
WORKER TARZAN,988,50.85,3.39,9,11,ZERO CAGE,54,PENELOPE PINKETT
WORKING MICROCOSMOS,989,163.75,6.55,5,37,VAL BOLGER,94,KENNETH TORN
WORLD LEATHERNECKS,990,24.92,3.12,8,51,GARY PHOENIX,54,PENELOPE PINKETT
WORST BANGER,991,73.84,4.62,4,46,PARKER GOLDBERG,92,KIRSTEN AKROYD
WRATH MILE,992,23.86,1.7,4,100,SPENCER DEPP,141,CATE HARRIS
WRONG BEHAVIOR,993,62.8,3.14,9,33,MILLA PECK,51,GARY PHOENIX
WYOMING STORM,994,72.87,5.61,6,6,BETTE NICHOLSON,28,WOODY HOFFMAN
YOUNG LANGUAGE,996,6.93,0.99,5,3,ED CHASE,27,JULIA MCQUEEN
YOUTH KICK,997,16.94,2.82,5,23,SANDRA KILMER,37,VAL BOLGER
ZHIVAGO CORE,998,14.91,1.66,6,13,UMA WOOD,44,NICK STALLONE
ZOOLANDER FICTION,999,73.83,4.34,5,52,CARMEN HUNT,66,MARY TANDY
ZORRO ARK,1000,214.69,6.93,3,155,IAN TANDY,166,NICK DEGENERES
