codigo_pelicula,pelicula,ciudades_distintas,total_2005,total_2006,porcentaje_crecimiento
542,LUST LOCK,2,57.87,16.95,-70.71
405,HAUNTED ANTITRUST,1,26.95,4.99,-81.48
677,PIANIST OUTFIELD,2,32.8,5.98,-81.77
102,BUBBLE GROSSE,1,30.95,4.99,-83.88
820,SONS INTERVIEW,2,68.87,10.97,-84.07
605,MULHOLLAND BEAST,1,18.94,2.99,-84.21
53,BANG KWAI,1,19.94,2.99,-85.01
399,HAPPINESS UNITED,1,19.95,2.99,-85.01
886,THEORY MERMAID,1,26.9,3.98,-85.2
461,INSECTS STONE,2,32.83,3.98,-87.88
146,CHITTY LOCK,1,25.93,2.99,-88.47
912,TROJAN TOMORROW,2,73.82,7.98,-89.19
2,ACE GOLDFINGER,1,47.94,4.99,-89.59
667,PEACH INNOCENT,2,76.87,7.98,-89.62
264,DWARFS ALTER,1,28.92,2.99,-89.66
338,FRISCO FORREST,1,48.92,4.99,-89.8
13,ALI FOREVER,1,49.92,4.99,-90.0
178,CONNECTION MICROCOSMOS,1,9.94,0.99,-90.04
462,INSIDER ARIZONA,2,67.82,5.98,-91.18
243,DOORS PRESIDENT,2,113.83,9.98,-91.23
681,PIRATES ROXANNE,2,47.8,3.98,-91.67
445,HYDE DOCTOR,2,96.75,7.98,-91.75
67,BERETS AGENT,2,72.8,5.98,-91.79
464,INTENTIONS EMPIRE,2,72.85,5.98,-91.79
639,OPPOSITE NECKLACE,1,61.88,4.99,-91.94
80,BLANKET BEVERLY,1,37.89,2.99,-92.11
301,FAMILY SWEET,2,65.73,4.97,-92.44
376,GRAPES FURY,2,52.79,3.98,-92.46
530,LORD ARIZONA,1,39.9,2.99,-92.51
648,OUTLAW HANKY,2,68.87,4.99,-92.75
861,SUIT WALLS,2,137.81,9.98,-92.76
813,SMOOCHY CONTROL,1,13.89,0.99,-92.87
998,ZHIVAGO CORE,1,13.92,0.99,-92.89
160,CLUB GRAFFITI,2,41.83,2.97,-92.9
792,SHREK LICENSE,1,43.86,2.99,-93.18
205,DANCES NONE,1,29.88,1.98,-93.37
974,WILD APOLLO,1,14.95,0.99,-93.38
219,DEEP CRUSADE,1,75.87,4.99,-93.42
937,VARSITY TRIP,2,45.85,2.99,-93.48
86,BOOGIE AMELIE,2,153.72,9.98,-93.51
789,SHOCK CABIN,2,93.72,5.98,-93.62
229,DEVIL DESIRE,2,78.86,4.99,-93.67
5,AFRICAN EGG,1,48.89,2.99,-93.88
592,MONSTER SPARTACUS,2,48.86,2.99,-93.88
956,WANDA CHAMBER,1,81.85,4.99,-93.9
689,POLLOCK DELIVERANCE,2,65.83,3.98,-93.95
151,CINCINATTI WHISPERER,2,82.88,4.99,-93.98
375,GRAIL FRANKENSTEIN,1,49.91,2.99,-94.01
597,MOONWALKER FOOL,1,83.88,4.99,-94.05
798,SILVERADO GOLDFINGER,2,86.89,4.99,-94.26
871,SWEDEN SHINING,2,105.83,5.98,-94.35
696,PRIDE ALAMO,2,17.85,0.99,-94.45
286,ENOUGH RAGING,2,54.83,2.99,-94.55
451,IGBY MAKER,2,94.82,4.99,-94.74
977,WINDOW SIDE,1,56.89,2.99,-94.74
385,GROUNDHOG UNCUT,2,97.83,4.99,-94.9
251,DRAGONFLY STRANGERS,2,98.83,4.99,-94.95
300,FALCON VOLUME,2,121.79,5.98,-95.09
236,DIVINE RESURRECTION,1,61.86,2.99,-95.17
216,DAY UNFAITHFUL,2,104.87,4.99,-95.24
536,LOVELY JINGLE,2,62.87,2.99,-95.24
785,SHAWSHANK BUBBLE,2,104.82,4.99,-95.24
105,BULL SHAWSHANK,2,20.85,0.99,-95.25
183,CONVERSATION DOWNHILL,2,109.84,4.99,-95.46
440,HUNGER ROOF,2,21.88,0.99,-95.48
254,DRIVER ANNIE,2,66.83,2.99,-95.53
22,AMISTAD MIDSUMMER,2,67.8,2.99,-95.59
506,LADY STAGE,2,113.84,4.99,-95.62
354,GHOST GROUNDHOG,2,114.8,4.99,-95.65
768,SCARFACE BANG,2,115.83,4.99,-95.69
116,CANDIDATE PERDITION,2,92.83,3.98,-95.71
805,SLEEPLESS MONSOON,2,116.81,4.99,-95.73
855,STREAK RIDGEMONT,2,23.85,0.99,-95.85
990,WORLD LEATHERNECKS,1,23.93,0.99,-95.86
917,TUXEDO MILE,2,73.88,2.99,-95.95
892,TITANIC BOONDOCK,2,148.79,5.98,-95.98
598,MOSQUITO ARMAGEDDON,1,24.86,0.99,-96.02
804,SLEEPING SUSPECTS,2,126.77,4.99,-96.06
50,BAKED CLEOPATRA,2,76.85,2.99,-96.11
227,DETAILS PACKER,2,128.82,4.99,-96.13
439,HUNCHBACK IMPOSSIBLE,2,129.81,4.99,-96.16
614,NAME DETECTIVE,2,131.78,4.99,-96.21
706,QUEEN LUKE,2,131.79,4.99,-96.21
775,SEATTLE EXPECATIONS,2,157.77,5.98,-96.21
131,CENTER DINOSAUR,2,132.77,4.99,-96.24
326,FLYING HOOK,2,80.81,2.99,-96.3
118,CANYON STOCK,2,26.82,0.99,-96.31
281,ENCINO ELF,2,26.82,0.99,-96.31
388,GUNFIGHT MOON,2,53.78,1.98,-96.32
253,DRIFTER COMMANDMENTS,2,136.77,4.99,-96.35
189,CREATURES SHAKESPEARE,2,54.86,1.98,-96.39
841,STAR OPERATION,2,83.8,2.99,-96.43
638,OPERATION OPERATION,2,84.74,2.99,-96.47
330,FORRESTER COMANCHEROS,2,141.74,4.99,-96.48
936,VANISHING ROCKY,2,84.83,2.99,-96.48
902,TRADING PINOCCHIO,2,142.76,4.99,-96.5
57,BASIC EASY,2,87.8,2.99,-96.59
267,EAGLES PANKY,2,147.79,4.99,-96.62
4,AFFAIR PREJUDICE,2,88.78,2.99,-96.63
391,HALF OUTFIELD,2,88.76,2.99,-96.63
704,PURE RUNNER,2,89.85,2.99,-96.67
773,SEABISCUIT PUNK,2,92.75,2.99,-96.78
897,TORQUE BOUND,2,192.74,5.98,-96.9
21,AMERICAN CIRCUS,2,162.79,4.99,-96.93
476,JASON TRAP,2,97.77,2.99,-96.94
19,AMADEUS HOLY,2,32.8,0.99,-96.98
361,GLEAMING JAWBREAKER,2,132.72,3.98,-97.0
270,EARTH VISION,2,33.78,0.99,-97.07
819,SONG HEDWIG,1,33.9,0.99,-97.08
862,SUMMER SCARFACE,2,33.85,0.99,-97.08
370,GORGEOUS BINGO,2,102.82,2.99,-97.09
823,SOUTH WAIT,2,104.79,2.99,-97.15
127,CAT CONEHEADS,2,176.71,4.99,-97.18
949,VOLCANO TEXAS,2,35.79,0.99,-97.23
604,MULAN MOON,1,35.88,0.99,-97.24
467,INTRIGUE WORST,2,36.81,0.99,-97.31
403,HARRY IDAHO,2,190.71,4.99,-97.38
893,TITANS JERK,2,196.72,4.99,-97.46
191,CROOKED FROGMEN,2,40.78,0.99,-97.57
233,DISCIPLE MOTHER,2,40.82,0.99,-97.57
864,SUNDANCE INVASION,2,40.82,0.99,-97.57
869,SUSPECTS QUILLS,2,130.71,2.99,-97.71
702,PULP BEVERLY,2,133.71,2.99,-97.76
39,ARMAGEDDON LOST,2,44.8,0.99,-97.79
574,MIDNIGHT WESTWARD,2,44.84,0.99,-97.79
91,BOUND CHEAPER,2,49.77,0.99,-98.01
945,VIRGINIAN PLUTO,2,50.72,0.99,-98.05
273,EFFECT GLADIATOR,2,52.76,0.99,-98.12
345,GABLES METROPOLIS,2,56.82,0.99,-98.26
606,MUMMY CREATURES,2,57.85,0.99,-98.29
314,FIGHT JAWBREAKER,2,58.79,0.99,-98.32
586,MOCKINGBIRD HOLLYWOOD,2,58.77,0.99,-98.32
647,OUTFIELD MASSACRE,2,58.81,0.99,-98.32
496,KICK SAVANNAH,2,60.81,0.99,-98.37
17,ALONE TRIP,2,61.83,0.99,-98.4
90,BOULEVARD MOB,2,62.83,0.99,-98.42
525,LOATHING LEGALLY,2,62.74,0.99,-98.42
228,DETECTIVE VISION,2,67.74,0.99,-98.54
870,SWARM GOLD,2,70.74,0.99,-98.6
341,FROST HEAD,2,75.71,0.99,-98.69
966,WEDDING APOLLO,2,80.77,0.99,-98.77
625,NONE SPIKING,2,83.74,0.99,-98.82
489,JUGGLER HARDLY,2,95.69,0.99,-98.97
873,SWEETHEARTS SUSPECTS,2,97.72,0.99,-98.99
114,CAMELOT VACATION,2,100.74,0.99,-99.02
730,RIDGEMONT SUBMARINE,2,129.69,0.99,-99.24
1,ACADEMY DINOSAUR,2,36.77,0.0,-100.0
3,ADAPTATION HOLES,1,37.88,0.0,-100.0
6,AGENT TRUMAN,2,126.79,0.0,-100.0
7,AIRPLANE SIERRA,2,82.85,0.0,-100.0
8,AIRPORT POLLOCK,1,102.82,0.0,-100.0
9,ALABAMA DEVIL,2,71.88,0.0,-100.0
10,ALADDIN CALENDAR,2,131.77,0.0,-100.0
11,ALAMO VIDEOTAPE,2,35.76,0.0,-100.0
12,ALASKA PHANTOM,2,44.74,0.0,-100.0
15,ALIEN CENTER,2,90.78,0.0,-100.0
16,ALLEY EVOLUTION,2,52.86,0.0,-100.0
18,ALTER VICTORY,2,32.78,0.0,-100.0
20,AMELIE HELLFIGHTERS,1,67.9,0.0,-100.0
23,ANACONDA CONFESSIONS,2,60.79,0.0,-100.0
24,ANALYZE HOOSIERS,1,55.86,0.0,-100.0
25,ANGELS LIFE,2,119.78,0.0,-100.0
26,ANNIE IDENTITY,2,59.78,0.0,-100.0
27,ANONYMOUS HUMAN,1,17.87,0.0,-100.0
28,ANTHEM LUKE,1,85.85,0.0,-100.0
29,ANTITRUST TOMATOES,1,37.9,0.0,-100.0
30,ANYTHING SAVANNAH,1,46.91,0.0,-100.0
31,APACHE DIVINE,2,178.69,0.0,-100.0
32,APOCALYPSE FLAMINGOS,1,30.94,0.0,-100.0
34,ARABIA DOGMA,1,22.87,0.0,-100.0
35,ARACHNOPHOBIA ROLLERCOASTER,2,114.76,0.0,-100.0
37,ARIZONA BANG,2,104.79,0.0,-100.0
40,ARMY FLINTSTONES,1,41.84,0.0,-100.0
42,ARTIST COLDBLOODED,1,69.84,0.0,-100.0
43,ATLANTIS CAUSE,2,87.76,0.0,-100.0
44,ATTACKS HATE,2,101.84,0.0,-100.0
45,ATTRACTION NEWTON,2,146.76,0.0,-100.0
46,AUTUMN CROW,1,84.89,0.0,-100.0
47,BABY HALL,1,45.92,0.0,-100.0
48,BACKLASH UNDEFEATED,2,158.81,0.0,-100.0
49,BADMAN DAWN,2,76.79,0.0,-100.0
51,BALLOON HOMEWARD,2,98.77,0.0,-100.0
52,BALLROOM MOCKINGBIRD,1,10.92,0.0,-100.0
54,BANGER PINOCCHIO,2,42.78,0.0,-100.0
55,BARBARELLA STREETCAR,2,96.75,0.0,-100.0
56,BAREFOOT MANCHURIAN,2,66.82,0.0,-100.0
58,BEACH HEARTBREAKERS,1,64.83,0.0,-100.0
59,BEAR GRACELAND,2,107.78,0.0,-100.0
60,BEAST HUNCHBACK,1,76.89,0.0,-100.0
61,BEAUTY GREASE,2,132.78,0.0,-100.0
62,BED HIGHBALL,1,24.94,0.0,-100.0
63,BEDAZZLED MARRIED,2,16.87,0.0,-100.0
64,BEETHOVEN EXORCIST,1,16.89,0.0,-100.0
65,BEHAVIOR RUNAWAY,1,100.87,0.0,-100.0
66,BENEATH RUSH,1,16.9,0.0,-100.0
68,BETRAYED REAR,2,91.85,0.0,-100.0
69,BEVERLY OUTLAW,2,115.79,0.0,-100.0
70,BIKINI BORROWERS,2,98.83,0.0,-100.0
71,BILKO ANONYMOUS,1,102.87,0.0,-100.0
72,BILL OTHERS,2,67.81,0.0,-100.0
73,BINGO TALENTED,2,131.71,0.0,-100.0
74,BIRCH ANTITRUST,2,74.89,0.0,-100.0
75,BIRD INDEPENDENCE,1,63.89,0.0,-100.0
76,BIRDCAGE CASPER,1,23.91,0.0,-100.0
77,BIRDS PERDITION,2,111.82,0.0,-100.0
78,BLACKOUT PRIVATE,2,91.73,0.0,-100.0
79,BLADE POLISH,2,34.79,0.0,-100.0
81,BLINDNESS GUN,1,76.86,0.0,-100.0
82,BLOOD ARGONAUTS,1,38.9,0.0,-100.0
83,BLUES INSTINCT,2,84.79,0.0,-100.0
84,BOILED DARES,1,77.85,0.0,-100.0
85,BONNIE HOLOCAUST,1,32.84,0.0,-100.0
88,BORN SPINAL,1,59.88,0.0,-100.0
89,BORROWERS BEDAZZLED,2,27.78,0.0,-100.0
92,BOWFINGER GABLES,2,56.89,0.0,-100.0
93,BRANNIGAN SUNRISE,1,74.88,0.0,-100.0
94,BRAVEHEART HUMAN,1,16.95,0.0,-100.0
95,BREAKFAST GOLDFINGER,2,109.83,0.0,-100.0
96,BREAKING HOME,1,51.87,0.0,-100.0
97,BRIDE INTRIGUE,2,21.81,0.0,-100.0
98,BRIGHT ENCOUNTERS,1,92.87,0.0,-100.0
99,BRINGING HYSTERICAL,2,71.8,0.0,-100.0
100,BROOKLYN DESERT,2,116.79,0.0,-100.0
101,BROTHERHOOD BLANKET,2,101.74,0.0,-100.0
103,BUCKET BROTHERHOOD,2,180.66,0.0,-100.0
104,BUGSY SONG,1,55.89,0.0,-100.0
106,BULWORTH COMMANDMENTS,1,32.93,0.0,-100.0
107,BUNCH MINDS,1,25.95,0.0,-100.0
109,BUTTERFLY CHOCOLAT,2,123.7,0.0,-100.0
110,CABIN FLASH,1,40.85,0.0,-100.0
111,CADDYSHACK JEDI,1,51.84,0.0,-100.0
112,CALENDAR GUNFIGHT,2,141.79,0.0,-100.0
113,CALIFORNIA BIRDS,1,83.88,0.0,-100.0
115,CAMPUS REMEMBER,2,90.81,0.0,-100.0
117,CANDLES GRAPES,2,128.77,0.0,-100.0
119,CAPER MOTIONS,2,38.76,0.0,-100.0
120,CARIBBEAN LIBERTY,1,71.91,0.0,-100.0
121,CAROL TEXAS,2,83.82,0.0,-100.0
122,CARRIE BUNCH,2,34.77,0.0,-100.0
123,CASABLANCA SUPER,2,82.84,0.0,-100.0
124,CASPER DRAGONFLY,1,52.92,0.0,-100.0
125,CASSIDY WYOMING,1,23.94,0.0,-100.0
126,CASUALTIES ENCINO,1,72.91,0.0,-100.0
129,CAUSE DATE,2,128.79,0.0,-100.0
130,CELEBRITY HORN,2,32.76,0.0,-100.0
132,CHAINSAW UPTOWN,2,33.79,0.0,-100.0
133,CHAMBER ITALIAN,2,65.88,0.0,-100.0
134,CHAMPION FLATLINERS,1,85.87,0.0,-100.0
135,CHANCE RESURRECTION,2,141.73,0.0,-100.0
136,CHAPLIN LICENSE,1,23.92,0.0,-100.0
137,CHARADE DUFFEL,1,80.85,0.0,-100.0
138,CHARIOTS CONSPIRACY,2,71.79,0.0,-100.0
139,CHASING FIGHT,2,110.81,0.0,-100.0
140,CHEAPER CLYDE,2,36.8,0.0,-100.0
141,CHICAGO NORTH,2,89.84,0.0,-100.0
142,CHICKEN HELLFIGHTERS,2,68.78,0.0,-100.0
143,CHILL LUCK,2,32.78,0.0,-100.0
145,CHISUM BEHAVIOR,1,73.87,0.0,-100.0
147,CHOCOLAT HARRY,2,52.8,0.0,-100.0
149,CHRISTMAS MOONSHINE,2,28.79,0.0,-100.0
150,CIDER DESIRE,2,62.81,0.0,-100.0
152,CIRCUS YOUTH,1,60.85,0.0,-100.0
153,CITIZEN SHREK,1,21.87,0.0,-100.0
154,CLASH FREDDY,2,85.75,0.0,-100.0
155,CLEOPATRA DEVIL,2,29.83,0.0,-100.0
156,CLERKS ANGELS,1,50.93,0.0,-100.0
157,CLOCKWORK PARADISE,1,11.9,0.0,-100.0
158,CLONES PINOCCHIO,2,65.81,0.0,-100.0
159,CLOSER BANG,2,172.72,0.0,-100.0
161,CLUE GRAIL,1,40.93,0.0,-100.0
162,CLUELESS BUCKET,2,112.75,0.0,-100.0
163,CLYDE THEORY,1,23.92,0.0,-100.0
164,COAST RAINBOW,2,42.79,0.0,-100.0
165,COLDBLOODED DARLING,2,89.84,0.0,-100.0
166,COLOR PHILADELPHIA,2,93.76,0.0,-100.0
167,COMA HEAD,2,137.74,0.0,-100.0
168,COMANCHEROS ENEMY,1,9.94,0.0,-100.0
169,COMFORTS RUSH,2,84.83,0.0,-100.0
170,COMMAND DARLING,2,107.84,0.0,-100.0
172,CONEHEADS SMOOCHY,2,136.75,0.0,-100.0
173,CONFESSIONS MAGUIRE,2,75.86,0.0,-100.0
174,CONFIDENTIAL INTERVIEW,2,164.71,0.0,-100.0
175,CONFUSED CANDLES,2,102.83,0.0,-100.0
176,CONGENIALITY QUEST,2,39.78,0.0,-100.0
177,CONNECTICUT TRAMP,1,90.87,0.0,-100.0
179,CONQUERER NUTS,1,99.84,0.0,-100.0
180,CONSPIRACY SPIRIT,1,16.95,0.0,-100.0
181,CONTACT ANONYMOUS,2,85.74,0.0,-100.0
182,CONTROL ANTHEM,1,36.93,0.0,-100.0
184,CORE SUIT,2,103.82,0.0,-100.0
185,COWBOY DOOM,1,28.93,0.0,-100.0
186,CRAFT OUTFIELD,2,20.84,0.0,-100.0
187,CRANES RESERVOIR,1,42.89,0.0,-100.0
188,CRAZY HOME,1,26.91,0.0,-100.0
190,CREEPERS KANE,1,82.86,0.0,-100.0
193,CROSSROADS CASUALTIES,2,77.79,0.0,-100.0
194,CROW GREASE,2,18.88,0.0,-100.0
196,CRUELTY UNFORGIVEN,1,7.93,0.0,-100.0
197,CRUSADE HONEY,1,47.92,0.0,-100.0
199,CUPBOARD SINNERS,2,106.77,0.0,-100.0
200,CURTAIN VIDEOTAPE,2,38.74,0.0,-100.0
201,CYCLONE FAMILY,1,48.86,0.0,-100.0
202,DADDY PITTSBURGH,1,75.87,0.0,-100.0
203,DAISY MENAGERIE,1,95.84,0.0,-100.0
204,DALMATIONS SWEDEN,2,58.8,0.0,-100.0
206,DANCING FEVER,2,55.73,0.0,-100.0
207,DANGEROUS UPTOWN,1,66.88,0.0,-100.0
208,DARES PLUTO,1,29.91,0.0,-100.0
209,DARKNESS WAR,1,48.87,0.0,-100.0
210,DARKO DORADO,1,82.89,0.0,-100.0
211,DARLING BREAKING,1,49.91,0.0,-100.0
212,DARN FORRESTER,2,93.82,0.0,-100.0
213,DATE SPEED,1,45.87,0.0,-100.0
214,DAUGHTER MADIGAN,1,69.91,0.0,-100.0
215,DAWN POND,2,128.82,0.0,-100.0
218,DECEIVER BETRAYED,2,25.79,0.0,-100.0
220,DEER VIRGINIAN,2,96.72,0.0,-100.0
222,DESERT POSEIDON,2,118.81,0.0,-100.0
223,DESIRE ALIEN,1,25.92,0.0,-100.0
224,DESPERATE TRAINSPOTTING,1,31.94,0.0,-100.0
225,DESTINATION JERK,1,31.92,0.0,-100.0
226,DESTINY SATURDAY,2,96.84,0.0,-100.0
230,DIARY PANIC,1,27.91,0.0,-100.0
231,DINOSAUR SECRETARY,2,70.8,0.0,-100.0
232,DIRTY ACE,2,55.85,0.0,-100.0
234,DISTURBING SCARFACE,2,89.74,0.0,-100.0
235,DIVIDE MONSTER,2,67.79,0.0,-100.0
237,DIVORCE SHINING,1,33.93,0.0,-100.0
238,DOCTOR GRAIL,1,34.93,0.0,-100.0
239,DOGMA FAMILY,2,178.7,0.0,-100.0
240,DOLLS RAGE,1,30.91,0.0,-100.0
241,DONNIE ALLEY,1,35.86,0.0,-100.0
242,DOOM DANCING,2,73.79,0.0,-100.0
244,DORADO NOTTING,2,176.73,0.0,-100.0
245,DOUBLE WRATH,2,74.75,0.0,-100.0
246,DOUBTFIRE LABYRINTH,1,57.9,0.0,-100.0
247,DOWNHILL ENOUGH,2,84.75,0.0,-100.0
248,DOZEN LION,1,36.93,0.0,-100.0
249,DRACULA CRYSTAL,2,24.79,0.0,-100.0
250,DRAGON SQUAD,1,27.89,0.0,-100.0
252,DREAM PICKUP,2,81.78,0.0,-100.0
255,DRIVING POLISH,2,115.79,0.0,-100.0
256,DROP WATERFRONT,1,48.91,0.0,-100.0
257,DRUMLINE CYCLONE,1,38.89,0.0,-100.0
258,DRUMS DYNAMITE,1,24.87,0.0,-100.0
259,DUCK RACER,1,23.94,0.0,-100.0
260,DUDE BLINDNESS,1,110.84,0.0,-100.0
261,DUFFEL APOCALYPSE,1,6.93,0.0,-100.0
262,DUMBO LUST,1,13.94,0.0,-100.0
263,DURHAM PANKY,2,144.74,0.0,-100.0
265,DYING MAKER,1,93.83,0.0,-100.0
266,DYNAMITE TARZAN,2,62.75,0.0,-100.0
268,EARLY HOME,1,41.93,0.0,-100.0
269,EARRING INSTINCT,2,62.81,0.0,-100.0
271,EASY GLADIATOR,2,150.77,0.0,-100.0
272,EDGE KISSING,1,92.85,0.0,-100.0
274,EGG IGBY,2,105.79,0.0,-100.0
275,EGYPT TENENBAUMS,2,72.83,0.0,-100.0
276,ELEMENT FREDDY,1,56.9,0.0,-100.0
277,ELEPHANT TROJAN,1,89.86,0.0,-100.0
278,ELF MURDER,1,39.93,0.0,-100.0
279,ELIZABETH SHANE,1,51.9,0.0,-100.0
280,EMPIRE MALKOVICH,2,30.79,0.0,-100.0
282,ENCOUNTERS CURTAIN,2,39.81,0.0,-100.0
283,ENDING CROWDS,1,18.89,0.0,-100.0
284,ENEMY ODDS,2,180.71,0.0,-100.0
285,ENGLISH BULWORTH,2,103.7,0.0,-100.0
287,ENTRAPMENT SATISFACTION,2,47.85,0.0,-100.0
288,ESCAPE METROPOLIS,2,80.75,0.0,-100.0
289,EVE RESURRECTION,1,40.93,0.0,-100.0
290,EVERYONE CRAFT,1,24.87,0.0,-100.0
291,EVOLUTION ALTER,1,26.88,0.0,-100.0
292,EXCITEMENT EVE,2,67.79,0.0,-100.0
293,EXORCIST STING,2,52.87,0.0,-100.0
294,EXPECATIONS NATURAL,2,110.82,0.0,-100.0
295,EXPENDABLE STALLION,2,97.72,0.0,-100.0
296,EXPRESS LONELY,1,49.87,0.0,-100.0
297,EXTRAORDINARY CONQUERER,1,22.94,0.0,-100.0
298,EYES DRIVING,2,83.81,0.0,-100.0
299,FACTORY DRAGON,1,32.83,0.0,-100.0
302,FANTASIA PARK,2,73.81,0.0,-100.0
303,FANTASY TROOPERS,2,45.74,0.0,-100.0
304,FARGO GANDHI,2,111.76,0.0,-100.0
305,FATAL HAUNTED,2,107.72,0.0,-100.0
306,FEATHERS METAL,1,41.89,0.0,-100.0
307,FELLOWSHIP AUTUMN,2,149.74,0.0,-100.0
308,FERRIS MOTHER,2,79.83,0.0,-100.0
309,FEUD FROGMEN,2,39.75,0.0,-100.0
310,FEVER EMPIRE,1,33.95,0.0,-100.0
311,FICTION CHRISTMAS,2,58.81,0.0,-100.0
312,FIDDLER LOST,1,64.9,0.0,-100.0
313,FIDELITY DEVIL,2,138.79,0.0,-100.0
315,FINDING ANACONDA,1,28.88,0.0,-100.0
316,FIRE WOLVES,1,39.93,0.0,-100.0
317,FIREBALL PHILADELPHIA,2,60.79,0.0,-100.0
319,FISH OPUS,2,108.75,0.0,-100.0
320,FLAMINGOS CONNECTICUT,2,139.77,0.0,-100.0
321,FLASH WARS,1,92.87,0.0,-100.0
322,FLATLINERS KILLER,2,90.78,0.0,-100.0
323,FLIGHT LIES,1,68.88,0.0,-100.0
324,FLINTSTONES HAPPINESS,2,134.83,0.0,-100.0
327,FOOL MOCKINGBIRD,2,175.77,0.0,-100.0
328,FOREVER CANDIDATE,1,43.87,0.0,-100.0
329,FORREST SONS,2,87.82,0.0,-100.0
331,FORWARD TEMPLE,2,128.68,0.0,-100.0
333,FREAKY POCUS,2,52.83,0.0,-100.0
334,FREDDY STORM,2,126.77,0.0,-100.0
335,FREEDOM CLEOPATRA,1,5.95,0.0,-100.0
336,FRENCH HOLIDAY,2,102.83,0.0,-100.0
337,FRIDA SLIPPER,2,40.9,0.0,-100.0
339,FROGMEN BREAKING,1,16.9,0.0,-100.0
340,FRONTIER CABIN,1,35.94,0.0,-100.0
342,FUGITIVE MAGUIRE,1,56.89,0.0,-100.0
343,FULL FLATLINERS,1,16.95,0.0,-100.0
344,FURY MURDER,2,63.81,0.0,-100.0
346,GALAXY SWEETHEARTS,2,115.82,0.0,-100.0
347,GAMES BOWFINGER,1,72.86,0.0,-100.0
348,GANDHI KWAI,1,22.83,0.0,-100.0
349,GANGS PRIDE,2,112.73,0.0,-100.0
350,GARDEN ISLAND,2,144.8,0.0,-100.0
351,GASLIGHT CRUSADE,2,62.84,0.0,-100.0
352,GATHERING CALENDAR,1,24.89,0.0,-100.0
353,GENTLEMEN STAGE,2,81.77,0.0,-100.0
355,GHOSTBUSTERS ELF,1,11.91,0.0,-100.0
356,GIANT TROOPERS,2,106.72,0.0,-100.0
357,GILBERT PELICAN,1,17.91,0.0,-100.0
358,GILMORE BOILED,2,64.72,0.0,-100.0
360,GLASS DYING,1,43.86,0.0,-100.0
362,GLORY TRACY,1,14.95,0.0,-100.0
363,GO PURPLE,2,54.8,0.0,-100.0
364,GODFATHER DIARY,1,37.92,0.0,-100.0
365,GOLD RIVER,2,94.86,0.0,-100.0
366,GOLDFINGER SENSIBILITY,2,81.76,0.0,-100.0
367,GOLDMINE TYCOON,2,48.73,0.0,-100.0
368,GONE TROUBLE,1,35.9,0.0,-100.0
369,GOODFELLAS SALUTE,2,209.69,0.0,-100.0
371,GOSFORD DONNIE,1,48.92,0.0,-100.0
372,GRACELAND DYNAMITE,1,37.94,0.0,-100.0
373,GRADUATE LORD,2,52.84,0.0,-100.0
374,GRAFFITI LOVE,2,81.7,0.0,-100.0
377,GREASE YOUTH,2,28.79,0.0,-100.0
378,GREATEST NORTH,2,109.71,0.0,-100.0
379,GREEDY ROOTS,1,15.86,0.0,-100.0
380,GREEK EVERYONE,2,55.83,0.0,-100.0
381,GRINCH MASSAGE,2,76.86,0.0,-100.0
382,GRIT CLOCKWORK,2,110.68,0.0,-100.0
383,GROOVE FICTION,2,41.82,0.0,-100.0
384,GROSSE WONDERFUL,1,46.92,0.0,-100.0
387,GUN BONNIE,2,37.75,0.0,-100.0
389,GUNFIGHTER MUSSOLINI,2,68.88,0.0,-100.0
390,GUYS FALCON,1,57.91,0.0,-100.0
392,HALL CASSIDY,2,98.84,0.0,-100.0
393,HALLOWEEN NUTS,1,35.9,0.0,-100.0
394,HAMLET WISDOM,1,48.86,0.0,-100.0
395,HANDICAP BOONDOCK,2,63.72,0.0,-100.0
396,HANGING DEEP,1,113.81,0.0,-100.0
397,HANKY OCTOBER,2,116.74,0.0,-100.0
398,HANOVER GALAXY,1,98.83,0.0,-100.0
400,HARDLY ROBBERS,1,15.96,0.0,-100.0
401,HAROLD FRENCH,1,9.92,0.0,-100.0
402,HARPER DYING,2,77.8,0.0,-100.0
406,HAUNTING PIANIST,2,52.78,0.0,-100.0
407,HAWK CHILL,1,15.93,0.0,-100.0
408,HEAD STRANGER,2,152.78,0.0,-100.0
409,HEARTBREAKERS BRIGHT,2,132.8,0.0,-100.0
410,HEAVEN FREEDOM,2,58.82,0.0,-100.0
411,HEAVENLY GUN,1,41.93,0.0,-100.0
412,HEAVYWEIGHTS BEAST,2,129.77,0.0,-100.0
413,HEDWIG ALTER,1,37.88,0.0,-100.0
414,HELLFIGHTERS SIERRA,2,97.8,0.0,-100.0
415,HIGH ENCINO,2,120.78,0.0,-100.0
416,HIGHBALL POTTER,2,32.79,0.0,-100.0
417,HILLS NEIGHBORS,2,72.75,0.0,-100.0
418,HOBBIT ALIEN,2,81.69,0.0,-100.0
420,HOLES BRANNIGAN,2,75.86,0.0,-100.0
421,HOLIDAY GAMES,1,82.85,0.0,-100.0
422,HOLLOW JEOPARDY,1,49.9,0.0,-100.0
423,HOLLYWOOD ANONYMOUS,2,13.87,0.0,-100.0
424,HOLOCAUST HIGHBALL,2,25.83,0.0,-100.0
425,HOLY TADPOLE,1,18.91,0.0,-100.0
426,HOME PITY,1,79.86,0.0,-100.0
427,HOMEWARD CIDER,1,23.84,0.0,-100.0
428,HOMICIDE PEACH,2,74.78,0.0,-100.0
429,HONEY TIES,2,68.81,0.0,-100.0
430,HOOK CHARIOTS,1,17.87,0.0,-100.0
431,HOOSIERS BIRDCAGE,1,41.92,0.0,-100.0
432,HOPE TOOTSIE,2,75.82,0.0,-100.0
433,HORN WORKING,2,112.76,0.0,-100.0
434,HORROR REIGN,2,87.73,0.0,-100.0
435,HOTEL HAPPINESS,1,46.91,0.0,-100.0
436,HOURS RAGE,2,49.81,0.0,-100.0
437,HOUSE DYNAMITE,2,74.77,0.0,-100.0
438,HUMAN GRAFFITI,2,80.85,0.0,-100.0
441,HUNTER ALTER,1,24.95,0.0,-100.0
442,HUNTING MUSKETEERS,1,53.85,0.0,-100.0
443,HURRICANE AFFAIR,2,85.76,0.0,-100.0
444,HUSTLER PARTY,2,190.78,0.0,-100.0
446,HYSTERICAL GRAIL,2,87.85,0.0,-100.0
447,ICE CROSSING,2,100.76,0.0,-100.0
448,IDAHO LOVE,2,80.83,0.0,-100.0
449,IDENTITY LOVER,1,59.87,0.0,-100.0
450,IDOLS SNATCHERS,2,114.7,0.0,-100.0
452,ILLUSION AMELIE,1,39.85,0.0,-100.0
453,IMAGE PRINCESS,2,76.86,0.0,-100.0
454,IMPACT ALADDIN,1,20.91,0.0,-100.0
455,IMPOSSIBLE PREJUDICE,1,74.86,0.0,-100.0
456,INCH JET,2,95.82,0.0,-100.0
457,INDEPENDENCE HOTEL,2,38.81,0.0,-100.0
458,INDIAN LOVE,2,50.84,0.0,-100.0
459,INFORMER DOUBLE,1,27.95,0.0,-100.0
460,INNOCENT USUAL,2,191.74,0.0,-100.0
463,INSTINCT AIRPORT,2,72.82,0.0,-100.0
465,INTERVIEW LIAISONS,2,128.8,0.0,-100.0
466,INTOLERABLE INTENTIONS,1,49.91,0.0,-100.0
468,INVASION CYCLONE,2,103.73,0.0,-100.0
469,IRON MOON,1,55.89,0.0,-100.0
470,ISHTAR ROCKETEER,1,51.93,0.0,-100.0
471,ISLAND EXORCIST,2,85.74,0.0,-100.0
472,ITALIAN AFRICAN,1,38.94,0.0,-100.0
473,JACKET FRISCO,2,77.82,0.0,-100.0
474,JADE BUNCH,1,62.82,0.0,-100.0
475,JAPANESE RUN,1,7.94,0.0,-100.0
477,JAWBREAKER BROOKLYN,1,11.9,0.0,-100.0
478,JAWS HARRY,2,63.86,0.0,-100.0
479,JEDI BENEATH,2,21.81,0.0,-100.0
480,JEEPERS WEDDING,2,86.84,0.0,-100.0
481,JEKYLL FROGMEN,2,86.83,0.0,-100.0
482,JEOPARDY ENCINO,1,28.9,0.0,-100.0
483,JERICHO MULAN,2,98.83,0.0,-100.0
484,JERK PAYCHECK,2,107.8,0.0,-100.0
485,JERSEY SASSY,1,39.94,0.0,-100.0
486,JET NEIGHBORS,2,109.8,0.0,-100.0
487,JINGLE SAGEBRUSH,1,70.87,0.0,-100.0
488,JOON NORTHWEST,2,39.83,0.0,-100.0
490,JUMANJI BLADE,1,30.92,0.0,-100.0
491,JUMPING WRATH,2,79.76,0.0,-100.0
492,JUNGLE CLOSER,1,15.91,0.0,-100.0
493,KANE EXORCIST,1,20.86,0.0,-100.0
494,KARATE MOON,2,58.77,0.0,-100.0
498,KILLER INNOCENT,1,21.94,0.0,-100.0
499,KING EVOLUTION,1,66.91,0.0,-100.0
500,KISS GLORY,2,132.78,0.0,-100.0
501,KISSING DOLLS,2,147.8,0.0,-100.0
502,KNOCK WARLOCK,2,116.76,0.0,-100.0
503,KRAMER CHOCOLATE,1,47.91,0.0,-100.0
504,KWAI HOMEWARD,2,50.77,0.0,-100.0
505,LABYRINTH LEAGUE,1,47.85,0.0,-100.0
507,LADYBUGS ARMAGEDDON,1,17.94,0.0,-100.0
508,LAMBS CINCINATTI,1,57.9,0.0,-100.0
509,LANGUAGE COWBOY,1,19.89,0.0,-100.0
510,LAWLESS VISION,1,86.84,0.0,-100.0
511,LAWRENCE LOVE,2,15.87,0.0,-100.0
512,LEAGUE HELLFIGHTERS,2,105.83,0.0,-100.0
513,LEATHERNECKS DWARFS,1,27.93,0.0,-100.0
514,LEBOWSKI SOLDIERS,2,72.79,0.0,-100.0
515,LEGALLY SECRETARY,1,46.91,0.0,-100.0
516,LEGEND JEDI,1,13.91,0.0,-100.0
517,LESSON CLEOPATRA,1,23.93,0.0,-100.0
518,LIAISONS SWEET,2,131.78,0.0,-100.0
519,LIBERTY MAGNIFICENT,1,75.88,0.0,-100.0
520,LICENSE WEEKEND,1,22.93,0.0,-100.0
521,LIES TREATMENT,2,147.73,0.0,-100.0
522,LIFE TWISTED,1,44.9,0.0,-100.0
523,LIGHTS DEER,1,9.92,0.0,-100.0
524,LION UNCUT,2,34.82,0.0,-100.0
526,LOCK REAR,1,50.84,0.0,-100.0
527,LOLA AGENT,2,159.76,0.0,-100.0
528,LOLITA WORLD,1,48.9,0.0,-100.0
529,LONELY ELEPHANT,1,77.85,0.0,-100.0
531,LOSE INCH,2,81.73,0.0,-100.0
532,LOSER HUSTLER,1,88.85,0.0,-100.0
533,LOST BIRD,1,64.88,0.0,-100.0
534,LOUISIANA HARRY,2,29.83,0.0,-100.0
535,LOVE SUICIDES,1,35.8,0.0,-100.0
537,LOVER TRUMAN,1,62.9,0.0,-100.0
538,LOVERBOY ATTACKS,1,19.88,0.0,-100.0
539,LUCK OPUS,1,30.9,0.0,-100.0
540,LUCKY FLYING,1,43.87,0.0,-100.0
541,LUKE MUMMY,1,28.93,0.0,-100.0
543,MADIGAN DORADO,1,59.9,0.0,-100.0
544,MADISON TRAP,2,76.85,0.0,-100.0
545,MADNESS ATTACKS,2,73.75,0.0,-100.0
546,MADRE GABLES,1,52.86,0.0,-100.0
547,MAGIC MALLRATS,1,17.93,0.0,-100.0
548,MAGNIFICENT CHITTY,1,54.92,0.0,-100.0
549,MAGNOLIA FORRESTER,2,34.89,0.0,-100.0
550,MAGUIRE APACHE,1,33.91,0.0,-100.0
551,MAIDEN HOME,2,163.76,0.0,-100.0
552,MAJESTIC FLOATS,1,43.83,0.0,-100.0
553,MAKER GABLES,1,32.9,0.0,-100.0
554,MALKOVICH PET,2,84.74,0.0,-100.0
555,MALLRATS UNITED,2,77.75,0.0,-100.0
556,MALTESE HOPE,2,123.78,0.0,-100.0
557,MANCHURIAN CURTAIN,2,64.85,0.0,-100.0
558,MANNEQUIN WORST,1,23.95,0.0,-100.0
559,MARRIED GO,2,98.7,0.0,-100.0
560,MARS ROMAN,2,32.81,0.0,-100.0
561,MASK PEACH,1,63.83,0.0,-100.0
562,MASKED BUBBLE,2,25.8,0.0,-100.0
563,MASSACRE USUAL,2,179.7,0.0,-100.0
564,MASSAGE IMAGE,1,59.88,0.0,-100.0
565,MATRIX SNOWMAN,1,45.91,0.0,-100.0
566,MAUDE MOD,1,11.92,0.0,-100.0
567,MEET CHOCOLATE,2,65.88,0.0,-100.0
568,MEMENTO ZOOLANDER,2,88.87,0.0,-100.0
569,MENAGERIE RUSHMORE,1,21.93,0.0,-100.0
570,MERMAID INSECTS,2,99.84,0.0,-100.0
571,METAL ARMAGEDDON,2,103.75,0.0,-100.0
572,METROPOLIS COMA,2,131.74,0.0,-100.0
573,MICROCOSMOS PARADISE,1,46.87,0.0,-100.0
575,MIDSUMMER GROUNDHOG,2,156.78,0.0,-100.0
576,MIGHTY LUCK,1,38.88,0.0,-100.0
577,MILE MULAN,1,41.87,0.0,-100.0
578,MILLION ACE,2,130.8,0.0,-100.0
579,MINDS TRUMAN,2,149.8,0.0,-100.0
580,MINE TITANS,2,153.81,0.0,-100.0
581,MINORITY KISS,1,27.89,0.0,-100.0
582,MIRACLE VIRTUAL,1,44.91,0.0,-100.0
583,MISSION ZOOLANDER,2,126.82,0.0,-100.0
584,MIXED DOORS,1,15.96,0.0,-100.0
585,MOB DUFFEL,1,34.88,0.0,-100.0
587,MOD SECRETARY,1,61.89,0.0,-100.0
588,MODEL FISH,1,93.85,0.0,-100.0
589,MODERN DORADO,1,49.85,0.0,-100.0
590,MONEY HAROLD,2,111.8,0.0,-100.0
591,MONSOON CAUSE,1,54.91,0.0,-100.0
593,MONTEREY LABYRINTH,1,21.87,0.0,-100.0
594,MONTEZUMA COMMAND,1,11.91,0.0,-100.0
595,MOON BUNCH,2,38.71,0.0,-100.0
596,MOONSHINE CABIN,2,141.79,0.0,-100.0
599,MOTHER OLEANDER,2,69.86,0.0,-100.0
600,MOTIONS DETAILS,2,32.85,0.0,-100.0
601,MOULIN WAKE,2,51.84,0.0,-100.0
602,MOURNING PURPLE,2,42.79,0.0,-100.0
603,MOVIE SHAKESPEARE,2,145.74,0.0,-100.0
608,MURDER ANTITRUST,2,84.77,0.0,-100.0
609,MUSCLE BRIGHT,2,95.7,0.0,-100.0
610,MUSIC BOONDOCK,2,22.81,0.0,-100.0
611,MUSKETEERS WAIT,2,92.83,0.0,-100.0
612,MUSSOLINI SPOILERS,1,15.95,0.0,-100.0
613,MYSTIC TRUMAN,1,19.9,0.0,-100.0
615,NASH CHOCOLAT,1,64.85,0.0,-100.0
616,NATIONAL STORY,2,82.81,0.0,-100.0
617,NATURAL STOCK,1,32.87,0.0,-100.0
618,NECKLACE OUTBREAK,1,43.85,0.0,-100.0
619,NEIGHBORS CHARADE,2,72.81,0.0,-100.0
620,NEMO CAMPUS,2,59.86,0.0,-100.0
621,NETWORK PEAK,2,133.69,0.0,-100.0
622,NEWSIES STORY,1,22.93,0.0,-100.0
623,NEWTON LABYRINTH,2,47.83,0.0,-100.0
624,NIGHTMARE CHILL,2,169.75,0.0,-100.0
626,NOON PAPI,1,68.83,0.0,-100.0
627,NORTH TEQUILA,1,65.89,0.0,-100.0
628,NORTHWEST POLISH,2,87.8,0.0,-100.0
629,NOTORIOUS REUNION,1,25.86,0.0,-100.0
630,NOTTING SPEAKEASY,1,13.9,0.0,-100.0
631,NOVOCAINE FLIGHT,2,52.81,0.0,-100.0
632,NUTS TIES,1,53.91,0.0,-100.0
633,OCTOBER SUBMARINE,1,63.89,0.0,-100.0
634,ODDS BOOGIE,1,23.85,0.0,-100.0
635,OKLAHOMA JUMANJI,1,5.94,0.0,-100.0
636,OLEANDER CLUE,1,29.9,0.0,-100.0
637,OPEN AFRICAN,2,113.79,0.0,-100.0
640,OPUS ICE,1,65.89,0.0,-100.0
641,ORANGE GRAPES,2,67.76,0.0,-100.0
643,ORIENT CLOSER,2,80.83,0.0,-100.0
644,OSCAR GOLD,2,83.75,0.0,-100.0
645,OTHERS SOUP,2,79.77,0.0,-100.0
646,OUTBREAK DIVINE,2,39.77,0.0,-100.0
649,OZ LIAISONS,2,95.76,0.0,-100.0
650,PACIFIC AMISTAD,2,62.76,0.0,-100.0
651,PACKER MADIGAN,2,60.78,0.0,-100.0
652,PAJAMA JAWBREAKER,1,39.86,0.0,-100.0
653,PANIC CLUB,1,51.93,0.0,-100.0
654,PANKY SUBMARINE,2,110.85,0.0,-100.0
655,PANTHER REDS,2,88.85,0.0,-100.0
656,PAPI NECKLACE,1,28.92,0.0,-100.0
657,PARADISE SABRINA,2,79.82,0.0,-100.0
658,PARIS WEEKEND,1,46.86,0.0,-100.0
659,PARK CITIZEN,1,60.92,0.0,-100.0
660,PARTY KNOCK,2,44.87,0.0,-100.0
661,PAST SUICIDES,1,72.87,0.0,-100.0
662,PATHS CONTROL,2,81.9,0.0,-100.0
663,PATIENT SISTER,2,24.81,0.0,-100.0
664,PATRIOT ROMAN,2,55.84,0.0,-100.0
665,PATTON INTERVIEW,2,102.77,0.0,-100.0
666,PAYCHECK WAIT,2,101.84,0.0,-100.0
668,PEAK FOREVER,2,105.8,0.0,-100.0
670,PELICAN COMFORTS,2,188.74,0.0,-100.0
672,PERFECT GROOVE,2,57.83,0.0,-100.0
673,PERSONAL LADYBUGS,2,49.86,0.0,-100.0
674,PET HAUNTING,1,26.92,0.0,-100.0
675,PHANTOM GLORY,1,21.94,0.0,-100.0
676,PHILADELPHIA WIFE,2,118.78,0.0,-100.0
678,PICKUP DRIVING,1,98.84,0.0,-100.0
679,PILOT HOOSIERS,2,57.84,0.0,-100.0
680,PINOCCHIO SIMON,2,133.8,0.0,-100.0
682,PITTSBURGH HUNCHBACK,1,88.88,0.0,-100.0
683,PITY BOUND,2,153.74,0.0,-100.0
684,PIZZA JUMANJI,1,28.93,0.0,-100.0
685,PLATOON INSTINCT,1,45.91,0.0,-100.0
686,PLUTO OLEANDER,1,88.84,0.0,-100.0
687,POCUS PULP,2,43.74,0.0,-100.0
688,POLISH BROOKLYN,1,24.82,0.0,-100.0
690,POND SEATTLE,2,64.81,0.0,-100.0
691,POSEIDON FOREVER,2,100.83,0.0,-100.0
692,POTLUCK MIXED,1,49.89,0.0,-100.0
693,POTTER CONNECTICUT,2,72.83,0.0,-100.0
694,PREJUDICE OLEANDER,2,115.8,0.0,-100.0
695,PRESIDENT BANG,1,40.93,0.0,-100.0
697,PRIMARY GLASS,2,36.73,0.0,-100.0
698,PRINCESS GIANT,2,142.74,0.0,-100.0
699,PRIVATE DROP,1,26.95,0.0,-100.0
700,PRIX UNDEFEATED,1,42.89,0.0,-100.0
703,PUNK DIVORCE,1,46.92,0.0,-100.0
705,PURPLE MOVIE,1,55.87,0.0,-100.0
707,QUEST MUSSOLINI,2,77.8,0.0,-100.0
708,QUILLS BULL,2,100.84,0.0,-100.0
709,RACER EGG,2,57.82,0.0,-100.0
710,RAGE GAMES,2,119.81,0.0,-100.0
711,RAGING AIRPLANE,1,84.87,0.0,-100.0
714,RANDOM GO,1,31.91,0.0,-100.0
715,RANGE MOONWALKER,2,179.73,0.0,-100.0
716,REAP UNFAITHFUL,2,62.84,0.0,-100.0
717,REAR TRADING,2,32.83,0.0,-100.0
718,REBEL AIRPORT,1,7.92,0.0,-100.0
719,RECORDS ZORRO,1,43.92,0.0,-100.0
720,REDEMPTION COMFORTS,2,113.8,0.0,-100.0
721,REDS POCUS,1,52.91,0.0,-100.0
722,REEF SALUTE,2,23.89,0.0,-100.0
723,REIGN GENTLEMEN,2,110.8,0.0,-100.0
724,REMEMBER DIARY,2,73.82,0.0,-100.0
725,REQUIEM TYCOON,2,110.81,0.0,-100.0
726,RESERVOIR ADAPTATION,1,34.9,0.0,-100.0
727,RESURRECTION SILVERADO,2,26.79,0.0,-100.0
728,REUNION WITCHES,2,53.8,0.0,-100.0
729,RIDER CADDYSHACK,1,48.89,0.0,-100.0
731,RIGHT CRANES,1,52.9,0.0,-100.0
732,RINGS HEARTBREAKERS,1,34.85,0.0,-100.0
733,RIVER OUTLAW,2,57.81,0.0,-100.0
734,ROAD ROXANNE,2,130.81,0.0,-100.0
735,ROBBERS JOON,2,105.69,0.0,-100.0
736,ROBBERY BRIGHT,1,39.87,0.0,-100.0
737,ROCK INSTINCT,2,48.83,0.0,-100.0
738,ROCKETEER MOTHER,2,116.67,0.0,-100.0
739,ROCKY WAR,2,107.84,0.0,-100.0
740,ROLLERCOASTER BRINGING,1,45.9,0.0,-100.0
741,ROMAN PUNK,2,29.76,0.0,-100.0
743,ROOM ROMAN,2,29.8,0.0,-100.0
744,ROOTS REMEMBER,2,42.83,0.0,-100.0
745,ROSES TREASURE,2,171.72,0.0,-100.0
746,ROUGE SQUAD,2,53.82,0.0,-100.0
747,ROXANNE REBEL,2,33.81,0.0,-100.0
748,RUGRATS SHAKESPEARE,2,70.7,0.0,-100.0
749,RULES HUMAN,2,101.84,0.0,-100.0
750,RUN PACIFIC,1,44.9,0.0,-100.0
751,RUNAWAY TENENBAUMS,1,12.92,0.0,-100.0
752,RUNNER MADIGAN,1,14.92,0.0,-100.0
753,RUSH GOODFELLAS,2,88.69,0.0,-100.0
754,RUSHMORE MERMAID,1,18.94,0.0,-100.0
755,SABRINA MIDNIGHT,2,126.79,0.0,-100.0
756,SADDLE ANTITRUST,1,42.86,0.0,-100.0
757,SAGEBRUSH CLUELESS,2,91.84,0.0,-100.0
758,SAINTS BRIDE,1,31.92,0.0,-100.0
759,SALUTE APOLLO,2,106.77,0.0,-100.0
760,SAMURAI LION,2,108.75,0.0,-100.0
761,SANTA PARIS,1,33.89,0.0,-100.0
762,SASSY PACKER,1,15.87,0.0,-100.0
763,SATISFACTION CONFIDENTIAL,2,129.83,0.0,-100.0
764,SATURDAY LAMBS,2,204.72,0.0,-100.0
765,SATURN NAME,1,70.87,0.0,-100.0
766,SAVANNAH TOWN,1,28.88,0.0,-100.0
767,SCALAWAG DUCK,2,172.68,0.0,-100.0
769,SCHOOL JACKET,1,35.94,0.0,-100.0
770,SCISSORHANDS SLUMS,1,53.85,0.0,-100.0
771,SCORPION APOLLO,2,168.77,0.0,-100.0
772,SEA VIRGIN,2,97.78,0.0,-100.0
774,SEARCHERS WAIT,1,75.86,0.0,-100.0
776,SECRET GROUNDHOG,2,116.79,0.0,-100.0
777,SECRETARY ROUGE,2,112.82,0.0,-100.0
778,SECRETS PARADISE,2,152.8,0.0,-100.0
779,SENSE GREEK,1,47.93,0.0,-100.0
780,SENSIBILITY REAR,1,52.9,0.0,-100.0
781,SEVEN SWARM,1,30.95,0.0,-100.0
782,SHAKESPEARE SADDLE,2,82.78,0.0,-100.0
783,SHANE DARKNESS,1,55.86,0.0,-100.0
784,SHANGHAI TYCOON,2,43.86,0.0,-100.0
786,SHEPHERD MIDSUMMER,2,32.75,0.0,-100.0
787,SHINING ROSES,1,22.92,0.0,-100.0
788,SHIP WONDERLAND,2,47.85,0.0,-100.0
790,SHOOTIST SUPERFLY,2,37.76,0.0,-100.0
791,SHOW LORD,2,170.75,0.0,-100.0
793,SHRUNK DIVINE,1,52.86,0.0,-100.0
794,SIDE ARK,2,29.88,0.0,-100.0
795,SIEGE MADRE,1,17.85,0.0,-100.0
796,SIERRA DIVIDE,2,57.85,0.0,-100.0
797,SILENCE KANE,2,16.84,0.0,-100.0
799,SIMON NORTH,1,18.94,0.0,-100.0
800,SINNERS ATLANTIS,2,73.78,0.0,-100.0
803,SLACKER LIAISONS,2,91.83,0.0,-100.0
806,SLEEPY JAPANESE,2,92.8,0.0,-100.0
807,SLEUTH ORIENT,2,53.79,0.0,-100.0
808,SLING LUKE,1,14.94,0.0,-100.0
809,SLIPPER FIDELITY,1,30.84,0.0,-100.0
810,SLUMS DUCK,2,55.76,0.0,-100.0
811,SMILE EARRING,1,58.9,0.0,-100.0
812,SMOKING BARBARELLA,2,18.83,0.0,-100.0
814,SNATCH SLIPPER,2,127.78,0.0,-100.0
815,SNATCHERS MONTEZUMA,1,37.91,0.0,-100.0
816,SNOWMAN ROLLERCOASTER,2,72.77,0.0,-100.0
817,SOLDIERS EVOLUTION,1,41.92,0.0,-100.0
818,SOMETHING DUCK,2,127.81,0.0,-100.0
821,SORORITY QUEEN,1,19.88,0.0,-100.0
822,SOUP WISDOM,1,12.92,0.0,-100.0
824,SPARTACUS CHEAPER,1,60.91,0.0,-100.0
825,SPEAKEASY DATE,1,45.88,0.0,-100.0
826,SPEED SUIT,1,49.91,0.0,-100.0
827,SPICE SORORITY,2,115.8,0.0,-100.0
828,SPIKING ELEMENT,1,41.87,0.0,-100.0
829,SPINAL ROCKY,2,39.87,0.0,-100.0
830,SPIRIT FLINTSTONES,1,15.85,0.0,-100.0
831,SPIRITED CASUALTIES,1,19.89,0.0,-100.0
832,SPLASH GUMP,1,33.86,0.0,-100.0
833,SPLENDOR PATTON,2,40.79,0.0,-100.0
834,SPOILERS HELLFIGHTERS,1,20.9,0.0,-100.0
835,SPY MILE,2,94.73,0.0,-100.0
836,SQUAD FISH,1,27.93,0.0,-100.0
837,STAGE WORLD,1,46.9,0.0,-100.0
838,STAGECOACH ARMAGEDDON,2,154.74,0.0,-100.0
839,STALLION SUNDANCE,1,8.93,0.0,-100.0
840,STAMPEDE DISTURBING,1,32.86,0.0,-100.0
842,STATE WASTELAND,2,61.88,0.0,-100.0
843,STEEL SANTA,2,141.77,0.0,-100.0
844,STEERS ARMAGEDDON,2,85.85,0.0,-100.0
845,STEPMOM DREAM,2,104.8,0.0,-100.0
846,STING PERSONAL,2,159.79,0.0,-100.0
847,STOCK GLASS,1,45.86,0.0,-100.0
848,STONE FIRE,1,39.89,0.0,-100.0
849,STORM HAPPINESS,2,46.71,0.0,-100.0
850,STORY SIDE,2,39.72,0.0,-100.0
851,STRAIGHT HOURS,2,57.8,0.0,-100.0
852,STRANGELOVE DESIRE,2,86.76,0.0,-100.0
853,STRANGER STRANGERS,1,75.89,0.0,-100.0
854,STRANGERS GRAFFITI,1,123.83,0.0,-100.0
856,STREETCAR INTENTIONS,2,148.75,0.0,-100.0
857,STRICTLY SCARFACE,2,113.77,0.0,-100.0
858,SUBMARINE BED,1,88.85,0.0,-100.0
859,SUGAR WONKA,2,105.83,0.0,-100.0
863,SUN CONFESSIONS,2,53.75,0.0,-100.0
865,SUNRISE LEAGUE,2,170.76,0.0,-100.0
866,SUNSET RACER,1,12.92,0.0,-100.0
867,SUPER WYOMING,1,86.87,0.0,-100.0
868,SUPERFLY TRIP,1,17.9,0.0,-100.0
872,SWEET BROTHERHOOD,1,81.85,0.0,-100.0
875,TALENTED HOMICIDE,2,39.71,0.0,-100.0
876,TARZAN VIDEOTAPE,1,40.92,0.0,-100.0
877,TAXI KICK,2,34.83,0.0,-100.0
878,TEEN APOLLO,1,127.83,0.0,-100.0
879,TELEGRAPH VOYAGE,2,231.73,0.0,-100.0
880,TELEMARK HEARTBREAKERS,2,91.75,0.0,-100.0
881,TEMPLE ATTRACTION,1,70.88,0.0,-100.0
882,TENENBAUMS COMMAND,1,20.87,0.0,-100.0
883,TEQUILA PAST,1,32.94,0.0,-100.0
884,TERMINATOR CLUB,1,39.94,0.0,-100.0
885,TEXAS WATCH,1,5.94,0.0,-100.0
887,THIEF PELICAN,2,117.81,0.0,-100.0
888,THIN SAGEBRUSH,1,73.89,0.0,-100.0
889,TIES HUNGER,1,80.89,0.0,-100.0
890,TIGHTS DAWN,2,60.74,0.0,-100.0
891,TIMBERLAND SKY,2,123.69,0.0,-100.0
894,TOMATOES HELLFIGHTERS,2,19.86,0.0,-100.0
895,TOMORROW HUSTLER,2,110.75,0.0,-100.0
896,TOOTSIE PILOT,2,39.85,0.0,-100.0
898,TOURIST PELICAN,2,141.78,0.0,-100.0
899,TOWERS HURRICANE,1,12.89,0.0,-100.0
900,TOWN ARK,2,49.86,0.0,-100.0
901,TRACY CIDER,2,85.74,0.0,-100.0
903,TRAFFIC HOBBIT,1,24.95,0.0,-100.0
904,TRAIN BUNCH,1,24.96,0.0,-100.0
905,TRAINSPOTTING STRANGERS,1,58.89,0.0,-100.0
906,TRAMP OTHERS,2,47.8,0.0,-100.0
907,TRANSLATION SUMMER,1,33.85,0.0,-100.0
908,TRAP GUYS,2,126.84,0.0,-100.0
910,TREATMENT JEKYLL,1,12.93,0.0,-100.0
911,TRIP NEWTON,2,145.72,0.0,-100.0
913,TROOPERS METAL,2,46.86,0.0,-100.0
914,TROUBLE DATE,2,79.78,0.0,-100.0
915,TRUMAN CRAZY,2,121.77,0.0,-100.0
916,TURN STAR,2,70.86,0.0,-100.0
918,TWISTED PIRATES,1,66.89,0.0,-100.0
919,TYCOON GATHERING,1,103.88,0.0,-100.0
920,UNBREAKABLE KARATE,2,82.79,0.0,-100.0
921,UNCUT SUICIDES,2,45.86,0.0,-100.0
922,UNDEFEATED DALMATIONS,2,114.79,0.0,-100.0
923,UNFAITHFUL KILL,1,26.92,0.0,-100.0
924,UNFORGIVEN ZOOLANDER,2,25.82,0.0,-100.0
925,UNITED PILOT,2,55.83,0.0,-100.0
926,UNTOUCHABLES SUNRISE,1,35.92,0.0,-100.0
927,UPRISING UPTOWN,1,60.84,0.0,-100.0
928,UPTOWN YOUNG,1,38.88,0.0,-100.0
929,USUAL UNTOUCHABLES,1,70.87,0.0,-100.0
930,VACATION BOONDOCK,2,96.79,0.0,-100.0
931,VALENTINE VANISHING,1,16.88,0.0,-100.0
932,VALLEY PACKER,2,58.85,0.0,-100.0
933,VAMPIRE WHALE,1,79.88,0.0,-100.0
934,VANILLA DAY,1,52.91,0.0,-100.0
935,VANISHED GARDEN,1,14.94,0.0,-100.0
938,VELVET TERMINATOR,2,177.74,0.0,-100.0
939,VERTIGO NORTHWEST,1,37.92,0.0,-100.0
940,VICTORY ACADEMY,1,12.91,0.0,-100.0
941,VIDEOTAPE ARSENIC,2,178.71,0.0,-100.0
942,VIETNAM SMOOCHY,2,22.85,0.0,-100.0
944,VIRGIN DAISY,2,93.83,0.0,-100.0
946,VIRTUAL SPOILERS,1,117.86,0.0,-100.0
947,VISION TORQUE,1,15.93,0.0,-100.0
948,VOICE PEACH,2,33.81,0.0,-100.0
951,VOYAGE LEGALLY,2,48.72,0.0,-100.0
952,WAGON JAWS,1,38.9,0.0,-100.0
953,WAIT CIDER,2,83.79,0.0,-100.0
957,WAR NOTTING,2,65.88,0.0,-100.0
958,WARDROBE PHANTOM,2,93.73,0.0,-100.0
959,WARLOCK WEREWOLF,1,21.94,0.0,-100.0
960,WARS PLUTO,1,42.9,0.0,-100.0
961,WASH HEAVENLY,2,119.77,0.0,-100.0
962,WASTELAND DIVINE,1,49.85,0.0,-100.0
963,WATCH TRACY,2,34.84,0.0,-100.0
964,WATERFRONT DELIVERANCE,2,121.83,0.0,-100.0
965,WATERSHIP FRONTIER,1,13.94,0.0,-100.0
967,WEEKEND PERSONAL,2,74.82,0.0,-100.0
968,WEREWOLF LOLA,1,78.86,0.0,-100.0
969,WEST LION,1,104.84,0.0,-100.0
970,WESTWARD SEABISCUIT,2,37.74,0.0,-100.0
971,WHALE BIKINI,1,134.82,0.0,-100.0
972,WHISPERER GIANT,2,151.78,0.0,-100.0
973,WIFE TURN,2,223.69,0.0,-100.0
975,WILLOW TRACY,2,58.84,0.0,-100.0
976,WIND PHANTOM,2,38.77,0.0,-100.0
978,WISDOM WORKER,1,29.91,0.0,-100.0
979,WITCHES PANIC,2,173.7,0.0,-100.0
980,WIZARD COLDBLOODED,2,97.84,0.0,-100.0
981,WOLVES DESIRE,2,24.79,0.0,-100.0
982,WOMEN DORADO,2,44.78,0.0,-100.0
983,WON DARES,1,28.91,0.0,-100.0
984,WONDERFUL DROP,1,55.91,0.0,-100.0
985,WONDERLAND CHRISTMAS,2,148.78,0.0,-100.0
986,WONKA SEA,2,66.82,0.0,-100.0
987,WORDS HUNTER,2,82.84,0.0,-100.0
988,WORKER TARZAN,2,50.85,0.0,-100.0
989,WORKING MICROCOSMOS,2,163.75,0.0,-100.0
991,WORST BANGER,2,73.84,0.0,-100.0
992,WRATH MILE,1,23.86,0.0,-100.0
993,WRONG BEHAVIOR,2,62.8,0.0,-100.0
994,WYOMING STORM,1,72.87,0.0,-100.0
995,YENTL IDAHO,2,135.77,0.0,-100.0
996,YOUNG LANGUAGE,1,6.93,0.0,-100.0
997,YOUTH KICK,1,16.94,0.0,-100.0
999,ZOOLANDER FICTION,2,73.83,0.0,-100.0
1000,ZORRO ARK,2,214.69,0.0,-100.0
